"ENSG00000002726"	525.822541791718	-1.37487389408146	0.298773619614932	-4.60172452927215	4.19007139462862e-06	0.000321364509063366
"ENSG00000004478"	6039.66156911322	0.444389127669496	0.11282516163403	3.9387413342332	8.19101781299548e-05	0.00311001862803982
"ENSG00000004799"	3323.75376177946	-0.966588641379524	0.178334431380362	-5.42008984971571	5.95690888697426e-08	1.0708009107843e-05
"ENSG00000007314"	57.1312993356867	-1.25033976393521	0.299783373347224	-4.17081090913938	3.03517640913805e-05	0.00150185750533027
"ENSG00000007402"	2304.88095541931	-1.13684451541494	0.218475485154584	-5.20353354341132	1.95534439181004e-07	2.92598250994621e-05
"ENSG00000008853"	3315.98896099789	-0.616711959001365	0.162989790093629	-3.78374595517361	0.000154485512058458	0.00473940952927075
"ENSG00000009765"	724.047545273681	-1.22173314816719	0.31976858662941	-3.82067907621927	0.000133084733281132	0.0043513774398096
"ENSG00000010379"	27.9341442030638	-0.928081438986547	0.220211165550422	-4.21450672887903	2.50324689679688e-05	0.00129431927749212
"ENSG00000015520"	45.3781940903666	-1.88381031269894	0.281465299764744	-6.69286876312453	2.1883738740706e-11	1.08771690633838e-08
"ENSG00000019102"	635.521278925081	-0.930697504439569	0.215986146628774	-4.3090611086238	1.63949067234709e-05	0.000940724211472177
"ENSG00000019549"	1943.68309792033	0.713199202901227	0.172605639384717	4.13195771264224	3.59686603256633e-05	0.00171701847600246
"ENSG00000021488"	17.8527752298739	-0.917456022071001	0.236518580315453	-3.87900189848661	0.000104885936435461	0.00368627097623795
"ENSG00000021852"	176.270255793101	-1.2059782108407	0.334529559986833	-3.60499745041415	0.000312155992904039	0.00768172726843423
"ENSG00000023839"	888.177221722693	1.2097603885507	0.303984332491933	3.97968006651398	6.90080744592983e-05	0.00278161971203559
"ENSG00000029559"	93.6535961203959	0.957322994618676	0.272087296272629	3.51844061715931	0.000434090955742918	0.00950400637155761
"ENSG00000036473"	12.9637632845943	-1.28022871698712	0.332287451290717	-3.85277479487797	0.000116786795277588	0.00397751097634042
"ENSG00000036828"	19.6159026623206	-1.86054661115633	0.324537905192792	-5.73291002803223	9.87220077760352e-09	2.09820687910936e-06
"ENSG00000039537"	221.04479737586	-1.03019295356397	0.263655187660652	-3.90734945405255	9.33141463219632e-05	0.00341442301552723
"ENSG00000040275"	1168.76547429014	0.326771900685467	0.0805885078850979	4.05482008863317	5.0172903878253e-05	0.0021740646804797
"ENSG00000043355"	181.19620736742	1.27908157616023	0.317705591705315	4.0259964242198	5.6734550874962e-05	0.00237480745564699
"ENSG00000047936"	7751.50328449047	-0.771463790362586	0.216333210737418	-3.56609042011112	0.000362346397527288	0.00838755358219856
"ENSG00000048545"	26.3755735377388	0.986857081688156	0.247618840966597	3.9853876943931	6.73700358637671e-05	0.00274357018617596
"ENSG00000056998"	525.609843247226	-0.743852518128741	0.155728601071624	-4.77659539102019	1.78287997324465e-06	0.000170926188768276
"ENSG00000064042"	12002.0246226506	-0.56188027818093	0.148254907425213	-3.78996073680981	0.000150671098808119	0.00466636949393175
"ENSG00000065328"	736.929316419285	0.497051521894164	0.140320828839895	3.54225046989492	0.000396728575258637	0.00894934096875095
"ENSG00000067646"	574.765553420844	11.6112091595643	0.30956743433564	37.5078508644909	6.86008087415551e-308	2.25490858333492e-304
"ENSG00000068985"	2.51775587185459	4.18094538337672	1.0566041899052	3.95696460729713	7.59081723365104e-05	0.00294791906364183
"ENSG00000069122"	21031.1712577603	-0.753442392405643	0.198220821885578	-3.8010254686592	0.000144098488223595	0.00454627645882875
"ENSG00000069482"	55.398906493565	1.23485236627165	0.340790312721985	3.62349609180069	0.000290647597518805	0.00737322003452061
"ENSG00000070193"	78.2679810847775	0.840176429793491	0.230008507883195	3.65280587890321	0.000259390325687445	0.00679992593135033
"ENSG00000070669"	3274.08375478192	0.491309910368503	0.110834620627512	4.43281988594227	9.30085613063536e-06	0.000616724491959046
"ENSG00000070729"	83.0929203656803	-1.52118686190572	0.276792392182698	-5.49576832625391	3.89012941632281e-08	7.16063901921373e-06
"ENSG00000072080"	23.9720238867603	-1.81774681291265	0.415549499426852	-4.37432078589864	1.21811145906989e-05	0.000750014095454761
"ENSG00000074966"	163.475826797879	-0.414361689733647	0.118138205918489	-3.50743171112265	0.000452454465539647	0.00973489045889572
"ENSG00000075340"	700.79017853171	0.941521704017436	0.252123073403286	3.73437342052155	0.000188183107220117	0.00549480344419755
"ENSG00000075673"	333.778786332442	1.80154249868871	0.326033056352448	5.52564368424412	3.28279782452603e-08	6.19130288069831e-06
"ENSG00000078399"	37.9256042442842	1.0635110013284	0.229287878388667	4.63832195928662	3.5124932586966e-06	0.000279650371589447
"ENSG00000078898"	187.376009454979	-2.62566940875524	0.504969314198002	-5.19966131590661	1.99651985771461e-07	2.92598250994621e-05
"ENSG00000079689"	7.60879089459941	-2.68837139309536	0.519483131790265	-5.17508890775833	2.27802478147767e-07	3.23549828376664e-05
"ENSG00000080293"	643.168161377966	-0.972422977143732	0.248874585958712	-3.90728114482954	9.334052226375e-05	0.00341442301552723
"ENSG00000081041"	2753.68078122688	-0.595801160005583	0.166914962452287	-3.56948922524482	0.000357677927498339	0.00832911373062805
"ENSG00000085563"	451.228467166258	-0.564682880483041	0.160261148239807	-3.52351700137627	0.00042585977464098	0.0094036540832191
"ENSG00000086159"	27.8692078931072	-1.38466571252578	0.288126726802909	-4.80575241280185	1.54170592962262e-06	0.000150949411636965
"ENSG00000089685"	656.574166787913	0.534237031441618	0.151454529765999	3.52737572304391	0.000419700734495736	0.00929862660083714
"ENSG00000091127"	2193.21114192867	0.354567674926589	0.0864826941330012	4.09986851683068	4.13384929642048e-05	0.00189851773375926
"ENSG00000091129"	2135.1489668828	1.09912100618767	0.231630942989186	4.74513893525437	2.08363270377915e-06	0.00019253937703315
"ENSG00000091656"	308.484212010515	1.00028788538026	0.197953223586354	5.05315279669544	4.34575955513222e-07	5.55508786689096e-05
"ENSG00000092421"	1052.81680235347	0.556675185698346	0.15557814942741	3.57810648697864	0.00034609245246833	0.00815905864635636
"ENSG00000092529"	124.5415235536	-0.474733637864041	0.124617084220667	-3.8095389635614	0.000139226165329354	0.00446888061716213
"ENSG00000092621"	1931.81469121673	0.80307095660294	0.202962098290139	3.95675332177012	7.59753142135513e-05	0.00294791906364183
"ENSG00000100479"	428.590952072056	0.412776397326727	0.115473723800254	3.57463484974942	0.000350717018682878	0.00820920435694237
"ENSG00000100526"	614.386484471698	0.499414791549026	0.141726194917928	3.52380018272721	0.000425404925167694	0.00940263393197258
"ENSG00000100593"	22.7957840403303	1.7607439549159	0.382124978414464	4.60776985116672	4.07010803501133e-06	0.0003142587777771
"ENSG00000100867"	107.489845996612	-1.54189176514672	0.255005993284369	-6.0464922619575	1.48033338850132e-09	4.28917007848501e-07
"ENSG00000100985"	1783.32943872765	0.738785025239868	0.206641064969512	3.5752091451371	0.0003499480314855	0.00819954608599783
"ENSG00000101076"	43.0118259851114	-1.2294859775899	0.341412308134598	-3.60117649040697	0.000316780431870395	0.00774580335484157
"ENSG00000101447"	1674.73992742191	0.758498908800263	0.160704590302201	4.71983349930407	2.36037766162812e-06	0.000209690847939774
"ENSG00000101955"	881.103612604474	0.574725675943931	0.147827876536067	3.88780309513346	0.000101155632960531	0.00361663400336173
"ENSG00000102010"	139.90603776253	-1.25986623657472	0.208404176677081	-6.04530224231955	1.49130169185449e-09	4.28917007848501e-07
"ENSG00000102195"	24.1289316947385	2.57726199992768	0.581074171515959	4.43534083300224	9.19267310463166e-06	0.000611312761458005
"ENSG00000102245"	177.060878337072	-0.565852673321228	0.154428095798198	-3.66418215802303	0.000248130153937054	0.00656988114147029
"ENSG00000103811"	20160.4018666171	-0.583848353122026	0.159832030192183	-3.65288704911027	0.000259308313443164	0.00679992593135033
"ENSG00000104321"	141.00561260628	1.01782802195862	0.248583283290465	4.09451516001303	4.23052733711663e-05	0.00193519291251922
"ENSG00000104635"	5270.84723707035	0.459933965847631	0.117959216008327	3.89909310532518	9.65536451203605e-05	0.00349858711901476
"ENSG00000104760"	1175.38545398018	-1.81912068066635	0.44330391754048	-4.1035520072981	4.06854940846222e-05	0.00188295908484904
"ENSG00000105202"	6919.59552024688	0.634643748790185	0.105324061738027	6.02562926569179	1.68452918573054e-09	4.7267478090822e-07
"ENSG00000105641"	63.6343430140177	-1.56702614211842	0.310868129298771	-5.04080667790932	4.63573586445567e-07	5.82861456312899e-05
"ENSG00000105642"	11.3313586430489	1.25798915569877	0.267323991926406	4.70585953259703	2.52798545934593e-06	0.000217936478401843
"ENSG00000105880"	239.950583914982	1.51085078900601	0.31835018849588	4.74587684758216	2.07605002254952e-06	0.00019253937703315
"ENSG00000105889"	163.316670195397	1.33233163642072	0.225206169949587	5.91605299587916	3.29758999012703e-09	8.24720087856879e-07
"ENSG00000106031"	119.931387862629	2.01978085940586	0.495455578897288	4.07661341487201	4.56963717554603e-05	0.00202978343189457
"ENSG00000106344"	1974.20230773657	0.269217977805506	0.0668721110334242	4.02586330302845	5.67666608981634e-05	0.00237480745564699
"ENSG00000106689"	28.1079701095207	1.65497730087567	0.333879098091321	4.95681613595054	7.16577291843705e-07	8.45524456822144e-05
"ENSG00000106853"	5050.67444892627	0.699695382433407	0.19201330606761	3.64399424583125	0.000268439423240264	0.00698365087350186
"ENSG00000106927"	99.6343576358937	-1.85504614790413	0.339364178486221	-5.46624029730777	4.59681086078299e-08	8.32819063746108e-06
"ENSG00000106992"	264.340545372445	-0.4865014434573	0.12304628554495	-3.95380844941942	7.69169951670993e-05	0.00297052465150485
"ENSG00000108176"	1337.45422320166	-1.16539013207698	0.276274476970235	-4.21823305886682	2.46224246677651e-05	0.00128243936637642
"ENSG00000108515"	398.307593232524	-0.835582012868194	0.169603282177401	-4.92668539276377	8.36362555882468e-07	9.47973696960577e-05
"ENSG00000109758"	7.00060766854559	-1.40135577126688	0.351785300760286	-3.98355408323839	6.7892211755461e-05	0.00275995035385407
"ENSG00000109762"	3030.47432983659	-0.381976494302043	0.10615692832373	-3.59822481993065	0.000320396607954034	0.00778899010779318
"ENSG00000109771"	246.83677518795	-0.426251929760779	0.103252652810709	-4.12824192073997	3.65547413309174e-05	0.00173778521339479
"ENSG00000110195"	3597.91193678043	-1.10547753326901	0.253552968867637	-4.35994710772291	1.30093885299372e-05	0.000787718475487697
"ENSG00000110680"	518.494832137052	-2.90582923278421	0.484092776679107	-6.00262877855418	1.9414816295529e-09	5.25547656639797e-07
"ENSG00000111262"	26.814108668459	1.78093324624075	0.36495355389629	4.87989013184632	1.06144955509023e-06	0.000112692426383119
"ENSG00000111339"	143.425172707527	-0.789631815234085	0.168904367496723	-4.67502307333412	2.93920572050192e-06	0.000243266850442549
"ENSG00000111432"	490.457799051507	1.4831966873229	0.296984546798152	4.99418809265846	5.90837940491406e-07	7.11758647788835e-05
"ENSG00000111640"	55111.0682414053	0.378495776365348	0.107276912423724	3.52821280752712	0.000418375661176004	0.00929862660083714
"ENSG00000111641"	3387.38067184308	0.306464828925891	0.0784770297678663	3.90515326373091	9.41656862741503e-05	0.00343914011981258
"ENSG00000111669"	19154.6371899426	0.321516445221076	0.0838145711148276	3.83604474668959	0.000125031637102444	0.00415730193365628
"ENSG00000111799"	17587.4072307821	0.817173899058422	0.189401448261695	4.31450713053333	1.59959371268346e-05	0.000929420498361963
"ENSG00000112312"	1143.33062931202	0.395284574521504	0.0943831401688771	4.18808458602068	2.81318673358616e-05	0.00141638104054888
"ENSG00000112578"	1178.13466731879	0.337499504438317	0.0891526788396091	3.78563503454	0.000153316552088139	0.00471612372593047
"ENSG00000112782"	1923.43182348903	-0.693119092414207	0.184859592959002	-3.7494353488484	0.000177233179363344	0.00522515398265723
"ENSG00000113430"	32.257200262964	2.32179197500582	0.647652166001209	3.58493663248474	0.000337160057505713	0.00801230430008015
"ENSG00000114023"	3170.00335823555	0.472192546767795	0.12205085721558	3.86881794638897	0.000109364259092703	0.00380115141610876
"ENSG00000114115"	1421.72513218695	0.977954522437831	0.207050136862425	4.72327397246608	2.32077866122167e-06	0.000206972078356781
"ENSG00000115386"	27.157836798691	-2.5887248575375	0.542167576904539	-4.7747688497302	1.79913783435399e-06	0.000171498246593165
"ENSG00000115718"	74.6323136916224	-1.25614822418374	0.266937291316245	-4.70578021523249	2.52896865284419e-06	0.000217936478401843
"ENSG00000115828"	2178.58504570378	-0.999299690071595	0.224382621611993	-4.45355207498914	8.4461210955088e-06	0.000568236258147842
"ENSG00000115844"	7.36690372932952	1.94847902012751	0.442869530760379	4.3996682652385	1.08416484679301e-05	0.00068910356242708
"ENSG00000115850"	44.8294980571986	-1.43945396435116	0.335107414437228	-4.29550019586569	1.74299883348419e-05	0.000976935261021742
"ENSG00000116031"	657.540828995715	-1.03584596370831	0.295830141230067	-3.5014889267241	0.000462666197392349	0.00985693197759311
"ENSG00000116147"	50.3768447219306	-2.71055861187911	0.303613678047487	-8.92765645247104	4.35128497218716e-19	4.3529876489154e-16
"ENSG00000117632"	8656.0989564736	0.492436872651764	0.120450672372664	4.08828662349186	4.34571012457089e-05	0.00196444880660612
"ENSG00000119283"	18.5195006156798	-0.740405043653161	0.186675644571208	-3.96626482985427	7.30077405305432e-05	0.00286661280182128
"ENSG00000119457"	187.294079464412	-1.2031018991862	0.222573001869024	-5.40542603587734	6.46545274020329e-08	1.15320621782432e-05
"ENSG00000119535"	4013.78035567372	-0.562973929890393	0.160285530220493	-3.51231910401363	0.000444214291097166	0.00962422469289519
"ENSG00000120645"	125.725291415098	-0.78818181077963	0.191976680090984	-4.10561225668704	4.03245396223638e-05	0.00187890699117846
"ENSG00000121578"	3174.81824476656	0.427040700665842	0.118685789145786	3.59807777948288	0.000320577757924297	0.00778899010779318
"ENSG00000121621"	783.986752735926	0.428376676333794	0.118858349891821	3.60409408950808	0.000313243574051253	0.00768381811870498
"ENSG00000121691"	8142.19485990361	-0.278266502066307	0.0771728288993184	-3.60575744125358	0.000311243758178487	0.00768172726843423
"ENSG00000121904"	284.045258398182	0.624418440717464	0.168342608227957	3.70921210791699	0.000207905206874095	0.00587677015352094
"ENSG00000122136"	10.0228511728323	-1.84578678602647	0.432208070765022	-4.27059768402606	1.94949808472762e-05	0.00108347829544681
"ENSG00000122691"	237.288648652822	1.14667845667641	0.233333972173222	4.9143227880471	8.9089865912922e-07	9.99935963312401e-05
"ENSG00000122824"	72.8571424728047	1.33617511996749	0.281103019383417	4.75332894999958	2.00094394828975e-06	0.000188687374205733
"ENSG00000122966"	3712.9932974487	-0.853151421472129	0.172487943007871	-4.94615105609553	7.56952284374565e-07	8.84097213765197e-05
"ENSG00000123838"	14769.0235701404	-1.11008311332913	0.283719391315233	-3.91260924458896	9.13042114003358e-05	0.00338773804743211
"ENSG00000124143"	445.785575928072	-0.950991555419995	0.263818485029988	-3.60471918907387	0.000312490622071991	0.00768172726843423
"ENSG00000124302"	6.37954246995941	2.6248706671399	0.42733647865715	6.14239784861853	8.12849521714583e-10	2.58440698718068e-07
"ENSG00000124469"	31.4879055523972	-2.08546183686166	0.408041421286974	-5.1109071973234	3.20615460084098e-07	4.23967880521552e-05
"ENSG00000124602"	558.127435079796	-0.640084448888488	0.181735697753302	-3.5220622959688	0.000428203507480799	0.00944568632939715
"ENSG00000124780"	162.767968187804	-1.3091519439676	0.192655689448528	-6.79529344664058	1.08092282551158e-11	5.78394262609207e-09
"ENSG00000124813"	1917.82832659048	0.436020602032058	0.114930308840611	3.79378256641374	0.000148369610465705	0.00463207105455279
"ENSG00000124920"	1305.89821034734	-0.810164449570057	0.181804443203777	-4.45624119682256	8.34091854442921e-06	0.000562804090289653
"ENSG00000125780"	84.9335135250067	2.17890114859433	0.312239448214255	6.97830194440773	2.98769014854736e-12	1.76266058020324e-09
"ENSG00000126759"	144.692286899614	-0.733982172141011	0.168790862605956	-4.34847100612609	1.37089937814106e-05	0.000815065214254459
"ENSG00000127249"	3187.35080892009	-0.845628898013742	0.220170872717606	-3.84078460323112	0.000122641692842834	0.00410154463753018
"ENSG00000127423"	217.015200567453	0.577433446834485	0.141422427918814	4.08304011840309	4.44503456594596e-05	0.00200148337236498
"ENSG00000127831"	886.632843509149	-1.49406219278552	0.42609352685016	-3.50641842374414	0.000454180631206161	0.00975746231878856
"ENSG00000128510"	185.561714367128	1.46737765779874	0.355026727747113	4.13314700870622	3.57829687252669e-05	0.00171170546236937
"ENSG00000128536"	588.591935069357	-0.834968091409026	0.227190908932596	-3.67518267052116	0.00023767929536609	0.00640891811275498
"ENSG00000128602"	916.581526574882	0.661686515932766	0.167055292565431	3.96088328463825	7.46730276805357e-05	0.00291732524646868
"ENSG00000128815"	1982.24195889908	-0.458990249632671	0.121371658678936	-3.78169215637759	0.000155765916102506	0.00476027300456393
"ENSG00000130294"	716.673993722811	1.62207714391331	0.423147059991388	3.83336503376941	0.000126402166242335	0.00419076000442345
"ENSG00000130477"	112.422500293289	0.839698291488942	0.201607118369603	4.1650230323194	3.11321133960252e-05	0.00152733219004082
"ENSG00000132432"	3457.26699414013	0.288277855471345	0.0812448976289826	3.5482579692304	0.000387788212546036	0.00884945770409123
"ENSG00000132874"	169.503525760919	-2.66320305172768	0.363245123928125	-7.33169663209201	2.27257072834317e-13	1.41323188887697e-10
"ENSG00000133048"	8693.0232832226	-0.697086027266764	0.188162783888308	-3.70469660823338	0.000211643896928915	0.00593624441650901
"ENSG00000133116"	385.242720925458	-0.761554698778135	0.179017170737626	-4.25408744669693	2.0990326614822e-05	0.00114176459829891
"ENSG00000133124"	42.6295701707363	3.61265396845822	0.519787059092691	6.95025762042681	3.64619747912289e-12	2.09263092340316e-09
"ENSG00000134115"	232.222578547665	-0.934166741832477	0.252213380589418	-3.70387463047894	0.000212331224946191	0.00593624441650901
"ENSG00000134240"	99.9638862497689	-1.67323617668618	0.39991732160888	-4.1839552484366	2.86480530301728e-05	0.00142985477694413
"ENSG00000134363"	1498.52494256261	0.986116249350675	0.248426297381853	3.96945194507701	7.20381328440687e-05	0.00285780241139513
"ENSG00000134443"	129.295118641569	-1.85766469953195	0.332534973094919	-5.58637391502787	2.31859742945257e-08	4.55971010720292e-06
"ENSG00000134508"	1444.38892185197	-0.640170958599244	0.144929209808986	-4.41712860673828	1.00020724070811e-05	0.000648275166238112
"ENSG00000134765"	40.9545345759206	1.19786066490549	0.341015799974863	3.5126251188179	0.000443703036712041	0.00962422469289519
"ENSG00000134962"	277.092124259461	-1.98434536449913	0.279028448649209	-7.11162382941757	1.14685496054189e-12	6.94420678608116e-10
"ENSG00000135069"	2695.07102050452	0.610140742871555	0.163678694734767	3.72767356105972	0.000193255468768799	0.00561441298093599
"ENSG00000135111"	1405.4728803303	0.553845923365161	0.143717989128425	3.85369936445639	0.000116346443134474	0.00397183280427465
"ENSG00000135333"	428.993307642311	1.42407062889023	0.339236533461871	4.19786929891585	2.69438052157732e-05	0.00137461200489962
"ENSG00000135346"	30.6225088017525	-2.17134505237024	0.602457098822276	-3.60414883751048	0.000313177560565667	0.00768381811870498
"ENSG00000135697"	111.531807821332	-1.0643871345477	0.251079818620753	-4.23923810521554	2.24279676153288e-05	0.00120010489967698
"ENSG00000135744"	531.743561346614	-1.37184568479471	0.258609531631802	-5.3046988490273	1.12859158188501e-07	1.82871575405579e-05
"ENSG00000135773"	332.234568744078	-1.0789946217144	0.232318312731145	-4.64446650386569	3.40956358835624e-06	0.000272398085432253
"ENSG00000136110"	67.2885779028968	-2.37316534121697	0.622607678165743	-3.81165447269865	0.000138039747803733	0.00444839853951833
"ENSG00000136883"	249.917300388472	-1.14761168666944	0.242108734603472	-4.74006726171615	2.13647283770021e-06	0.000196632414090577
"ENSG00000136928"	153.925393499672	-1.09131913352076	0.292428281723913	-3.73192061686802	0.000190025390206997	0.00554156426270315
"ENSG00000136931"	7.15951207941624	1.8916243633929	0.447418505676468	4.22786348663181	2.35920852635956e-05	0.00123677047705033
"ENSG00000136943"	1055.94975241763	1.03619002561584	0.239477682426005	4.3268751188788	1.51239649940796e-05	0.000885463894526154
"ENSG00000137441"	121.588974637746	1.85449800688017	0.296662196009992	6.25121108055745	4.07281976797148e-10	1.53625426297141e-07
"ENSG00000137561"	26.6787816576949	0.952392870030386	0.27128671417671	3.51065061523808	0.000447011495729301	0.00966662359514613
"ENSG00000137563"	2046.55173541346	0.712298445299899	0.146387299649192	4.86584865631704	1.13966705997941e-06	0.00011706517581726
"ENSG00000137860"	104.301913557624	-3.67708613807566	0.368864983412482	-9.9686505996254	2.09049649431011e-23	2.29048732559911e-20
"ENSG00000138593"	7803.64936490623	-0.351246721528862	0.0968918160021472	-3.62514334049718	0.000288801221082199	0.0073425715976578
"ENSG00000138829"	1773.60608989437	1.82127290549405	0.327429129881286	5.56234231863969	2.66177506589223e-08	5.14662037740457e-06
"ENSG00000139269"	43.4443015392196	0.947426332541286	0.220575965820543	4.29523828227095	1.74505798722211e-05	0.000976935261021742
"ENSG00000139352"	230.51177748621	-1.72185033785489	0.460723435214487	-3.73727535056534	0.000186025170375588	0.00545255177728904
"ENSG00000139514"	3274.64521604869	0.459433686648959	0.102588253454849	4.47842390504448	7.51961656696789e-06	0.000521141137317362
"ENSG00000139926"	5000.95389520307	0.685635186740903	0.152650631812463	4.49153192882444	7.07126972416633e-06	0.000493038924494979
"ENSG00000139970"	646.414111213325	-0.473844203844994	0.129723698538987	-3.65271888777195	0.00025947824623954	0.00679992593135033
"ENSG00000140015"	19.1850781808285	2.24876167266432	0.582676036606872	3.85936872530343	0.000113680303832767	0.00391567381869481
"ENSG00000140557"	61.0169163695644	1.13533925535933	0.299208474151282	3.79447560293795	0.000147955828517002	0.00463172198414652
"ENSG00000142549"	40.1206662255093	0.870846024194344	0.218662267320549	3.98260767559738	6.81632259564005e-05	0.00276608053973689
"ENSG00000142973"	5404.62971068011	-1.28005471682433	0.258962055206222	-4.94302038113256	7.6921438727893e-07	8.93819182007627e-05
"ENSG00000143179"	1946.99722874287	0.597500830399369	0.135567921314894	4.40739095653393	1.04623242459843e-05	0.000670550469570622
"ENSG00000143367"	3451.22164315785	0.451810198267871	0.127996645336101	3.52985968563068	0.000415780111687422	0.00927129329492611
"ENSG00000143387"	9605.24698101498	0.563155212669204	0.147423421899635	3.81998467687582	0.000133459964940614	0.00435262431280494
"ENSG00000143416"	7238.32324501768	-0.657775969973993	0.181771575321301	-3.61869543580345	0.000296091852205331	0.00744565839059284
"ENSG00000143536"	7.05261052168263	3.83867455145662	0.918996601463144	4.17702801658354	2.95342659995323e-05	0.00146455587582594
"ENSG00000144191"	273.757692328619	-2.31211037031912	0.370761688188221	-6.2361091881353	4.48588049458319e-10	1.66476813386878e-07
"ENSG00000144355"	32.1313885634293	1.51745027984258	0.399226206325864	3.80097863266016	0.000144125731527172	0.00454627645882875
"ENSG00000144369"	1024.12949094736	0.669466528582982	0.1420916939481	4.71151064486227	2.45887250875851e-06	0.000215939685320705
"ENSG00000144407"	80.1075018341809	1.29150506244723	0.335614091987954	3.84818484467448	0.000118996254560071	0.00400909888252267
"ENSG00000144837"	446.927748889714	-0.686596482965883	0.162146024197006	-4.23443304494271	2.29129037752811e-05	0.00121557080629789
"ENSG00000144891"	220.450933829699	-0.716615333293525	0.168025147702367	-4.2649290483762	1.99965736498746e-05	0.00110568936057904
"ENSG00000145040"	63.3408000288429	1.15851962535579	0.322540394374539	3.59185902157266	0.000328327460253027	0.00788568531624416
"ENSG00000145194"	480.814991059939	0.56318712604202	0.153450145960859	3.67016350825547	0.000242395367436886	0.00649275321228791
"ENSG00000145321"	2.69059151620584	-4.25467681570219	0.932265554201324	-4.5638035177082	5.02350961198308e-06	0.00037165894746662
"ENSG00000145681"	258.412644733838	1.38204184572012	0.2611909871998	5.29130756209026	1.21444932946858e-07	1.95407444907291e-05
"ENSG00000145794"	169.284192284229	1.00434314310068	0.256836505635204	3.91043765611417	9.21290379155374e-05	0.00340256345649855
"ENSG00000146147"	17.7936408379685	1.16346697883162	0.291724600968955	3.98823745055163	6.65660188474202e-05	0.0027156339142913
"ENSG00000146731"	14463.2997556739	0.383740708795907	0.087850389193691	4.36811620663219	1.25322810274844e-05	0.000768947344430369
"ENSG00000146733"	829.608649691211	0.524981350543389	0.119301484560033	4.40045949536543	1.08021890721996e-05	0.000688497419285983
"ENSG00000148158"	5822.1371978741	-0.411454297837592	0.105197797621133	-3.91124440950213	9.18217935061969e-05	0.00339666824241814
"ENSG00000148680"	164.854131788621	0.902027341530925	0.232795734920037	3.8747588818187	0.000106730325635129	0.00373783571162662
"ENSG00000148702"	1226.80533239529	-2.00518884770546	0.33812876964099	-5.93025210435207	3.02469913906458e-09	7.64783543854252e-07
"ENSG00000149577"	3620.03062829792	-0.241422122835332	0.0650558759960051	-3.71099641868102	0.00020644502498215	0.00586383971324736
"ENSG00000150394"	155.786725699152	1.35313298201606	0.276531827166219	4.89322692393999	9.91959185802884e-07	0.000108685661457803
"ENSG00000151623"	1281.18251393568	-0.547321120414019	0.155169107844885	-3.52725570196067	0.000419891044298744	0.00929862660083714
"ENSG00000151917"	265.427285786801	0.597246353060353	0.151045219399632	3.95408974500657	7.68265708459097e-05	0.00297052465150485
"ENSG00000152049"	1256.23082858768	-0.735922627567266	0.199136196394115	-3.69557439025693	0.000219390229745315	0.00609655772489124
"ENSG00000152292"	23.0656672932371	-1.21576162946815	0.206807899749277	-5.87870014125224	4.13500640526762e-09	1.01215279126386e-06
"ENSG00000152377"	1817.14271239714	0.978844169496636	0.202308236281424	4.83838022360593	1.30901543133162e-06	0.000132101473945216
"ENSG00000152642"	4351.50082003395	-0.429891823904355	0.112879236036685	-3.8084225141694	0.000139856156772047	0.00447559153152716
"ENSG00000152779"	181.048195634967	-1.09452420940308	0.20774832395468	-5.2685104195683	1.37535237131123e-07	2.16749881585617e-05
"ENSG00000152910"	19.8618195194526	1.27418284957046	0.334998102937965	3.80355243326978	0.00014263578580365	0.00453929017365999
"ENSG00000153253"	257.060138202308	-1.96446185156251	0.246906558474816	-7.9562967614037	1.77264936418587e-15	1.31570610388879e-12
"ENSG00000153976"	66.5978659691268	0.77217588950116	0.185210384448836	4.16918247753257	3.05694171132803e-05	0.0015093813698701
"ENSG00000154162"	53.3636090718257	1.81357186567423	0.459398379256075	3.94771063104539	7.89020909185774e-05	0.00301571131220191
"ENSG00000154198"	15.0635383086523	-1.34349546274921	0.267464084662478	-5.02308735935375	5.08474019340851e-07	6.32404254649386e-05
"ENSG00000155380"	4018.03505405568	0.629913712035184	0.180238310652146	3.49489356483648	0.000474250835912494	0.00996533103516947
"ENSG00000156076"	3686.44227009058	-1.8119505076965	0.35188310444885	-5.14929669764776	2.61465004835866e-07	3.55979189128311e-05
"ENSG00000156802"	5151.38695146455	0.372312915885061	0.103599861580058	3.5937588159551	0.000325941567404333	0.00786268519545965
"ENSG00000157152"	79.2779024062802	1.13635151605287	0.268365816464696	4.23433778199674	2.29226180355645e-05	0.00121557080629789
"ENSG00000157399"	743.276799929594	-1.46670203501368	0.271903863963845	-5.39419342421962	6.88320398975508e-08	1.19624908684676e-05
"ENSG00000157680"	89.8236068890604	1.00102440621502	0.202062455415502	4.95403465308097	7.26902523452171e-07	8.53331640924031e-05
"ENSG00000158220"	1151.98389359415	-0.693218129596427	0.171179880930439	-4.04964722389382	5.12948995618702e-05	0.00220194840302066
"ENSG00000158481"	422.138565969553	-0.75581599514274	0.184130991112613	-4.10477340384536	4.04711378351217e-05	0.00188121295040064
"ENSG00000158485"	80.373171367351	-1.10196001316864	0.224639902393196	-4.905450908004	9.32129530641543e-07	0.000103610475219958
"ENSG00000159167"	3687.44582464558	0.704508160244023	0.169665926982588	4.15232553037196	3.29113649030037e-05	0.00159758986298146
"ENSG00000159212"	5822.76623622925	-0.869272427527087	0.21845464567123	-3.97918947823762	6.91506139025754e-05	0.00278161971203559
"ENSG00000160111"	926.497720434731	-0.939690566163941	0.212141817896605	-4.42953951974679	9.44345075963185e-06	0.000622591285181574
"ENSG00000160124"	701.335939551305	0.329507655884422	0.0937573082626687	3.51447435928173	0.0004406252071739	0.00958255708115716
"ENSG00000160180"	1200.48429943889	-1.19358970057906	0.33922994284258	-3.5185269630899	0.000433949715609485	0.00950400637155761
"ENSG00000160593"	3040.78621987342	-0.428847912336235	0.111368242980455	-3.85071992571075	0.000117771119125012	0.00399086256251458
"ENSG00000161243"	772.707465755839	0.866705726037573	0.225073000142639	3.85077608370752	0.000117744114641203	0.00399086256251458
"ENSG00000161681"	33.8139300056095	0.928916229371419	0.186625258558412	4.97744108459293	6.44303839876223e-07	7.7212432561e-05
"ENSG00000162383"	374.322066945152	-1.30703049165047	0.303895980797232	-4.30091404375154	1.70095034984699e-05	0.000963969620680527
"ENSG00000162482"	115.942723906321	-1.40315415789747	0.270676185170387	-5.18388478474458	2.17311207410048e-07	3.10566060329056e-05
"ENSG00000162551"	2912.13159607143	-0.749767877964798	0.203386689957979	-3.68641565541827	0.000227434772700243	0.00626711366124943
"ENSG00000162624"	15.6791526481506	2.15690331344799	0.495067788442751	4.35678378557527	1.31987532351643e-05	0.000794947627588387
"ENSG00000162630"	207.180989183779	-1.1085729389516	0.209912994155381	-5.28110679099273	1.28405814876743e-07	2.03757889275791e-05
"ENSG00000162722"	38.056538859694	0.876418409186462	0.242515404064978	3.6138669729682	0.000301663879460949	0.007528182432231
"ENSG00000162992"	11.94189886189	-3.62932531583714	0.822933560297616	-4.41022883369174	1.03261440009059e-05	0.000667399571114731
"ENSG00000163032"	1043.6600206915	0.995987132730943	0.275390801414423	3.61663181055975	0.000298461367196311	0.00748071633749447
"ENSG00000163082"	4671.13293933803	-0.567985244613742	0.143319017377551	-3.963083580998	7.3987863924647e-05	0.00290014780416048
"ENSG00000163530"	8.1995108389709	3.36446238197386	0.875571522503602	3.84259000607231	0.000121742745780101	0.00408285710195447
"ENSG00000163554"	26.4621534492633	1.11361480130349	0.243754752773639	4.56858702705026	4.91023184164425e-06	0.000364450078852879
"ENSG00000163623"	14.8649034761433	1.35760019325999	0.309192354184442	4.3907948398043	1.12937062484642e-05	0.000708056912999763
"ENSG00000164007"	3.20734195764572	2.50784073230248	0.570274267813266	4.39760458054485	1.09452150117963e-05	0.000689968362209371
"ENSG00000164045"	435.431884823605	0.532094734497894	0.143788402639574	3.70053999300393	0.000215141168215416	0.00600750381003461
"ENSG00000164220"	347.081983077723	0.807414311681333	0.226981028051106	3.55718853956173	0.000374845129142736	0.00859044977733588
"ENSG00000164266"	2902.96395491228	-2.28700636793393	0.370405858976185	-6.17432557426413	6.64464917836261e-10	2.2157497528253e-07
"ENSG00000164434"	98.8372728667272	1.94225333049929	0.415579821423869	4.67359874174039	2.95967310019272e-06	0.000244054956584749
"ENSG00000164736"	115.136847502203	-0.556288756953138	0.152539240951445	-3.64685672672393	0.000265467844637324	0.00691749675793905
"ENSG00000164920"	211.595585593328	0.575616502996361	0.160532993275964	3.58565856930637	0.000336228626265912	0.00801230430008015
"ENSG00000165140"	4579.74033791601	-0.626638524375798	0.155342168950086	-4.03392413412966	5.48530343456861e-05	0.00231156312684962
"ENSG00000165194"	359.07672900354	1.5300557968379	0.291280332825299	5.25286339107411	1.49752610331858e-07	2.32814716967955e-05
"ENSG00000165197"	739.550372187847	-0.828257059833472	0.228514360870845	-3.62452957738441	0.000289487890846163	0.00735190604909423
"ENSG00000165349"	8.73539329170174	1.76317764258196	0.367852685308943	4.7931623527531	1.64172658947953e-06	0.000159386021507741
"ENSG00000165376"	1575.88286997935	-2.19651657504417	0.352767207597238	-6.22653276081143	4.76870544965161e-10	1.71442412017241e-07
"ENSG00000165509"	11.8712170451049	-1.72419269469555	0.369644843442324	-4.66445758755615	3.09432141143386e-06	0.00024981488194976
"ENSG00000165548"	527.65379230394	-0.798874852386427	0.22657982769973	-3.52579865779189	0.000422207823172385	0.00934094211862828
"ENSG00000165731"	345.373460166557	-1.36682049741686	0.261214126902509	-5.23256729498015	1.6717176126335e-07	2.54732122841618e-05
"ENSG00000166105"	875.442251484897	-1.50350024069386	0.342791608106685	-4.38604739771205	1.15428979185494e-05	0.000721713419043216
"ENSG00000166426"	74.1141245254193	1.64958397443624	0.338169352110215	4.87798188730781	1.07176763927832e-06	0.000113120649597041
"ENSG00000167553"	6167.09414206918	0.3271718229644	0.0879992188555282	3.71789462701403	0.000200890025976316	0.0057491027458819
"ENSG00000167653"	77.5848027945314	1.18830149110397	0.301880985013513	3.9363244129165	8.27391073051045e-05	0.00312601661737791
"ENSG00000167972"	6739.43357500609	-0.730244001444894	0.194032488401327	-3.7635140767483	0.000167542291299161	0.00503931099710338
"ENSG00000168309"	1195.4756048061	-0.909190996597092	0.192844855716121	-4.71462405995147	2.42157427168844e-06	0.000214300009297228
"ENSG00000168389"	2122.47710228513	-0.673604759590328	0.156394692967303	-4.30708195278183	1.6542233387519e-05	0.000946074964554007
"ENSG00000168631"	524.02903964557	-1.58588788811332	0.278657621156254	-5.69116997960754	1.26171825529708e-08	2.54656801194128e-06
"ENSG00000169252"	537.618171380004	-0.542053958516962	0.147662411558017	-3.67090008078316	0.00024169782030206	0.00648991060562889
"ENSG00000169291"	2178.60317886433	-0.754519506509506	0.179189534286215	-4.21073423464749	2.54542051073979e-05	0.00131248846760706
"ENSG00000169302"	1248.71001122466	-0.848760026299927	0.207925761864503	-4.08203398505775	4.46432665265414e-05	0.00200624398341639
"ENSG00000169347"	37.5060645341876	-4.5793021307289	0.58401991220718	-7.84100342302096	4.4696025559745e-15	3.21378391282554e-12
"ENSG00000169896"	2454.65609361459	-0.487448929833448	0.132276742144082	-3.68506906000524	0.000228640636316522	0.00626711366124943
"ENSG00000169903"	177.200980763438	-1.92899297555391	0.381825638342416	-5.05202579881242	4.37148636534681e-07	5.5571010928323e-05
"ENSG00000169994"	129.994974553534	-1.44959133817022	0.242188299179056	-5.98538964551091	2.158724448411e-09	5.70920584292975e-07
"ENSG00000170214"	59.085851891531	-1.06720589141875	0.218897629679209	-4.8753652242956	1.08607326785131e-06	0.000113298585857356
"ENSG00000170367"	15.5672568284915	-1.50423671747218	0.322132453801286	-4.66962176496535	3.01754799387154e-06	0.000245338380886892
"ENSG00000170454"	62.560164175415	1.71012768583205	0.488815564883018	3.49851315851882	0.000467860002832486	0.009912514553566
"ENSG00000170509"	179.493722294885	-1.5373987977384	0.287048947488399	-5.35587679798247	8.51425121467152e-08	1.44047357498807e-05
"ENSG00000170558"	523.729984751934	0.876145016746348	0.234035730653729	3.74363783811567	0.000181375029586058	0.00533664713010948
"ENSG00000170779"	623.098288326616	0.42343516733887	0.120550955227806	3.51249947823891	0.000443912876067978	0.00962422469289519
"ENSG00000170890"	139.485551638727	-1.76785405532955	0.290260771272123	-6.09057175580978	1.1250814112991e-09	3.45159975901078e-07
"ENSG00000171132"	1449.33685565738	-0.284556213765224	0.0802683867034421	-3.54505958636666	0.000392524340646912	0.00890427131948542
"ENSG00000171217"	28.5452896966707	0.824614841992479	0.229318842280654	3.59593147162005	0.000323232889397469	0.00783533249389762
"ENSG00000171303"	865.749407473881	-0.743687689672462	0.206713896941905	-3.59766663332494	0.000321084788125543	0.00779308005272217
"ENSG00000171431"	37.8818248980628	-2.31949683221662	0.509245745779339	-4.55476918843359	5.24431288909598e-06	0.00038551563982495
"ENSG00000171551"	82.9632365946572	1.39572329341392	0.289256172087507	4.82521525242227	1.39852141558822e-06	0.000139301208879954
"ENSG00000172167"	727.27457633086	0.367883096829235	0.105260401519778	3.49498093791815	0.000474095613659606	0.00996533103516947
"ENSG00000173207"	596.320734257787	0.445494183208952	0.113404964623566	3.92834815202063	8.55313292896724e-05	0.00321042472369669
"ENSG00000173376"	6388.38886145695	-0.998872645509268	0.188262503907932	-5.30574397330738	1.12214368360498e-07	1.82871575405579e-05
"ENSG00000173809"	39.1391076320535	-0.975358464594049	0.273014586139014	-3.57255075044751	0.000353520943282487	0.00825803389237232
"ENSG00000173826"	17.5405715297204	-1.85295030466296	0.315672924511634	-5.8698423614556	4.36209694710841e-09	1.05649988058966e-06
"ENSG00000174013"	2827.08216701324	0.473318623845262	0.114698763782889	4.12662358542238	3.68128210249449e-05	0.00174644577105764
"ENSG00000174473"	104.384191222055	-1.68404995545312	0.300546144702232	-5.60329914436801	2.10309794479035e-08	4.20784179232009e-06
"ENSG00000174938"	1745.67182079941	-0.646603731387609	0.174280021839582	-3.71014258870579	0.000207142546508281	0.00586383971324736
"ENSG00000175311"	53.8349375458727	-2.20040570725167	0.530397249935651	-4.14859938945503	3.3451561082043e-05	0.00161779397972039
"ENSG00000175329"	11.9862533872902	-2.95776787097991	0.641478244762976	-4.61086232483659	4.01002057400658e-06	0.000311711362794991
"ENSG00000175426"	402.722346293729	-1.10231270632147	0.289113033631748	-3.81273957965354	0.000137434900918263	0.00443529188189669
"ENSG00000175445"	4239.37362466511	-0.732241097044129	0.169803642289048	-4.31228145152311	1.61578566961692e-05	0.000929440311805395
"ENSG00000175792"	2905.43881732718	0.328653876099543	0.0875099329201803	3.75561796395519	0.000172914291431614	0.00513693823584251
"ENSG00000176358"	19.5383372780107	-1.24860242266501	0.205681391762544	-6.07056580065591	1.27460377416968e-09	3.75991772306028e-07
"ENSG00000177398"	155.150894583044	-1.52294485951466	0.31011331959739	-4.91093017704576	9.06453636149798e-07	0.000101245590845489
"ENSG00000178084"	14.048763552479	-1.33294666417851	0.343033916282099	-3.88575764934667	0.000102011236049874	0.0036277844362775
"ENSG00000178150"	167.963478588559	0.966052197488551	0.245248089907785	3.93908143322051	8.17941666366705e-05	0.00311001862803982
"ENSG00000178172"	4.95449124237597	1.78250353804312	0.417990625168406	4.26445817373287	2.00387875770986e-05	0.00110568936057904
"ENSG00000178401"	285.278256057762	-0.732021713525565	0.190873344142047	-3.8351175582736	0.000125504251499244	0.00416699469371733
"ENSG00000178821"	55.3620156516409	0.876749150162233	0.227495236568891	3.85392311234935	0.000116240112507218	0.00397183280427465
"ENSG00000178860"	361.661456300543	0.869591488063207	0.199190921744154	4.36561807359942	1.26763804160949e-05	0.000775653379272677
"ENSG00000179046"	4.59384224012889	2.30886949319956	0.559777420199627	4.12462062577689	3.71346334721315e-05	0.00175447799088352
"ENSG00000179178"	2263.72922586132	-0.694550065425087	0.183261603851337	-3.78993772197099	0.000150685059498078	0.00466636949393175
"ENSG00000179256"	68.644199434956	-0.507036732834044	0.133557013568378	-3.79640663778735	0.000146808615645551	0.00460207007818595
"ENSG00000179455"	75.1285002979664	1.22954361771212	0.309404705433734	3.97390083640939	7.07050097768347e-05	0.00282439508672776
"ENSG00000179639"	505.612287510713	-0.826021698621248	0.234099416778011	-3.52850814406145	0.000417909087638353	0.00929862660083714
"ENSG00000179766"	37.5702131334145	-0.867312602712076	0.204037770326476	-4.2507453464342	2.13060302725005e-05	0.00115348341303521
"ENSG00000180318"	23.8524781486542	1.95295063164067	0.474972335700636	4.11171448282321	3.92731793024386e-05	0.00184415629095879
"ENSG00000180347"	156.140025966829	-1.87696408586868	0.379794473806793	-4.9420521237587	7.7304540492641e-07	8.93819182007627e-05
"ENSG00000180537"	218.700233048987	1.2054161659905	0.24074414625572	5.00704247533437	5.52727331896872e-07	6.76473573383783e-05
"ENSG00000181631"	858.228039735306	-0.425473287906652	0.121650504604426	-3.49750532716796	0.000469631333254963	0.00993830848828392
"ENSG00000183019"	582.515537254065	-0.758354890384381	0.203935121025634	-3.7186085779166	0.000200323183806326	0.00574032464311297
"ENSG00000183134"	26.3623285081992	-0.981475051069302	0.181977978957797	-5.39337263052536	6.91473460605062e-08	1.19624908684676e-05
"ENSG00000183250"	175.136400699631	-0.712258607499689	0.183201939333222	-3.88783333894831	0.00010114303304162	0.00361663400336173
"ENSG00000183760"	110.148521437964	1.72415599581378	0.433253873281067	3.97955125653373	6.90454730053108e-05	0.00278161971203559
"ENSG00000184220"	1304.16901580598	0.37026203013095	0.0990587854459004	3.73780102859391	0.000185636762066729	0.00545255177728904
"ENSG00000184925"	52.3746343570497	-0.842757598966047	0.202412617606026	-4.16356257299327	3.13320108245602e-05	0.00153061196828515
"ENSG00000184949"	412.803300974275	-0.665090621954097	0.146738905170902	-4.53247638163504	5.82961959691307e-06	0.000420481872430635
"ENSG00000184956"	44.3906826638602	-3.33638992151246	0.433825238406933	-7.69063121768607	1.46410883485359e-14	1.02083879336807e-11
"ENSG00000185002"	7.20715098768991	-1.95660529700589	0.533493285110735	-3.66753500299402	0.000244900033521579	0.0065218806380764
"ENSG00000185087"	9.45062938150113	-2.88072720538943	0.571310622735873	-5.04231339440935	4.59937199847537e-07	5.81466759961098e-05
"ENSG00000185615"	67.1102583380313	-1.72162502514635	0.336647781707049	-5.11402456423879	3.15366319311538e-07	4.19437204684345e-05
"ENSG00000185668"	31.0325493947614	1.13248612359749	0.253110104433202	4.47428255040828	7.66683046847346e-06	0.000529748054802119
"ENSG00000185737"	24.8883762791926	-0.807000882940188	0.21335040603224	-3.78251393071285	0.000155252401528461	0.00475659454962499
"ENSG00000186188"	186.568065399784	-0.643373564604918	0.175345962541867	-3.66916668783464	0.000243342381658654	0.00651051228010081
"ENSG00000186510"	40.7514271019626	-1.02003922321226	0.22963065768257	-4.44208640739213	8.90907673141171e-06	0.00059589810032864
"ENSG00000187045"	291.354546242216	-1.3123086863199	0.300820270454039	-4.36243436766807	1.28623178619357e-05	0.000782934052077454
"ENSG00000187151"	17.5315459985627	-0.716003480863163	0.200633390708846	-3.56871544827855	0.00035873578630329	0.00832911373062805
"ENSG00000187416"	78.1767264816646	-1.06415589908012	0.268221030812854	-3.9674588374191	7.26430536850616e-05	0.0028651502206593
"ENSG00000187689"	440.600317049481	2.96941716961443	0.515067583184116	5.76510203041255	8.16084551474137e-09	1.77144240045928e-06
"ENSG00000187758"	35.5449775050544	-0.747818265564824	0.204538695746014	-3.65612121871272	0.000256060307402551	0.00673336184345749
"ENSG00000187824"	318.692099414967	-0.396452441600694	0.101977822519442	-3.88763391692453	0.000101226141864703	0.00361663400336173
"ENSG00000188107"	172.286710128699	-0.754267208170036	0.191473930006611	-3.93926843275215	8.17304452349163e-05	0.00311001862803982
"ENSG00000188483"	88.4728605329609	0.476104270981609	0.117216165397424	4.06176289223732	4.8703530912499e-05	0.0021264127946218
"ENSG00000189325"	104.986213791638	-1.22624917431199	0.31483940506581	-3.89484020926691	9.82634858572791e-05	0.00354936349464699
"ENSG00000189410"	69.8713219175766	1.20332667479795	0.305942005788503	3.9331855450729	8.38274800376047e-05	0.00315161190879942
"ENSG00000196091"	74.8196836333504	-1.53381753284064	0.380805179576445	-4.02782739075831	5.62946472952101e-05	0.00236630466067517
"ENSG00000196368"	220.480814753746	0.819791871462	0.230243035667617	3.56055013383973	0.000370078643408149	0.0085322039140061
"ENSG00000196549"	3535.91875488741	1.51618979032185	0.188676769191472	8.03591134626222	9.28858888611213e-16	7.12403805601847e-13
"ENSG00000196620"	25.8120093019539	-2.15994828786764	0.358277985089247	-6.02869385717237	1.6529005045967e-09	4.69525774200808e-07
"ENSG00000197520"	143.658437510941	-1.28031554332981	0.290444230397786	-4.40812868472656	1.04267590869385e-05	0.000670137709026166
"ENSG00000197576"	22.8784543255971	0.57302603046708	0.1365826330201	4.19545309529033	2.72326640781007e-05	0.00138321493989629
"ENSG00000197595"	8.78944971688281	-2.39873020653985	0.537006525923931	-4.46685485323067	7.9377946025433e-06	0.000545196167193788
"ENSG00000197769"	155.008889961946	-0.868676316896592	0.215050979218888	-4.0393971701585	5.35887554709243e-05	0.00228337717524166
"ENSG00000197977"	239.088890905244	0.769193591006871	0.200295118670146	3.84030123207151	0.000122883433119763	0.0041036646047208
"ENSG00000198183"	6121.86295668441	-1.84641347530181	0.419929320975718	-4.396962496002	1.09776303906136e-05	0.000690121031851446
"ENSG00000198189"	5831.61091067372	-0.665915894660728	0.135057985903283	-4.93059251703634	8.19805792704598e-07	9.33807499224757e-05
"ENSG00000198518"	67.7033944989356	0.78394165602004	0.214311359493565	3.65795661915709	0.000254234063182069	0.006692988054641
"ENSG00000198722"	7575.04479816692	-0.474159622363974	0.12598873471982	-3.76350808997674	0.000167546304175935	0.00503931099710338
"ENSG00000198788"	9.04440823037712	1.95285119199206	0.460233435673924	4.24317539887661	2.20379053345605e-05	0.00118198173389954
"ENSG00000203645"	6.63788428108506	-1.43977593221466	0.406236845736969	-3.54417859266977	0.000393838368671945	0.00890427131948542
"ENSG00000203797"	221.925854481537	-0.551743128816885	0.146646706043191	-3.76239701322976	0.000168292616006926	0.00505256323498105
"ENSG00000204542"	36.1068277576516	2.14610626140916	0.570124914775221	3.76427376841668	0.000167033810139388	0.00503931099710338
"ENSG00000204584"	45.9027781933139	-0.886203073044092	0.166791065370606	-5.31325266779111	1.07685561646786e-07	1.77949650629238e-05
"ENSG00000204889"	23.3118155762796	-1.51982358178304	0.326574376800085	-4.65383597046076	3.25816028455546e-06	0.000261209094032532
"ENSG00000205664"	333.355471451244	-0.364422717753051	0.0994230091757916	-3.66537606107564	0.000246975397413164	0.00655385643153665
"ENSG00000211448"	2218.52575274657	0.766500890937416	0.198874500904064	3.85419391351319	0.000116111543562282	0.00397183280427465
"ENSG00000211452"	66.7887854228551	-1.36985777824996	0.273748036803239	-5.00408256529186	5.61286977528611e-07	6.83314924124646e-05
"ENSG00000211898"	4409.86799132383	1.07656573540129	0.293272543044513	3.67087121155385	0.000241725124474074	0.00648991060562889
"ENSG00000214290"	242.553052428309	-0.815115669899609	0.191885649655949	-4.24792407020072	2.15760490433354e-05	0.00116263070828596
"ENSG00000214491"	172.094940889935	-0.673561656416443	0.192342247115842	-3.50189137600528	0.000461967920216742	0.00985441361657169
"ENSG00000214510"	42.0986146125032	-1.79945663572958	0.344733065674778	-5.21985505570038	1.79063215400418e-07	2.71056942312383e-05
"ENSG00000214708"	53.2460680825724	-0.801100257986235	0.194688138028333	-4.11478719812736	3.87536771966553e-05	0.00182348335095673
"ENSG00000214711"	118.221211346085	0.986522373687112	0.245728111236795	4.01469074385411	5.95237895987983e-05	0.00248112839651948
"ENSG00000215018"	472.647166118638	-0.785384794608838	0.214466111440008	-3.66204613556642	0.000250208784087818	0.00660970598516257
"ENSG00000215568"	2.70489561339588	3.2459674774244	0.922075894327116	3.52028232968083	0.000431087664398171	0.00948269222766492
"ENSG00000215784"	116.871770044639	0.663658211273422	0.162319569727671	4.08859025678088	4.34002680700095e-05	0.00196444880660612
"ENSG00000216624"	1163.78591304093	0.461391824111746	0.106130742354177	4.34739090556817	1.37766556258387e-05	0.000816976982718876
"ENSG00000218582"	939.966091324688	0.459299673062373	0.112554746224811	4.08067796754651	4.49045325683936e-05	0.00201013305421433
"ENSG00000219607"	49.4890969532953	0.602111173703372	0.162478547466596	3.70578875237151	0.000210733891066958	0.00592036153792386
"ENSG00000220377"	14.2318477101604	3.14799558741499	0.61792933407355	5.09442652068739	3.4979846688487e-07	4.57301870713294e-05
"ENSG00000222000"	11.5298987973649	-1.52410374790345	0.364050882661892	-4.18651298620512	2.83272733340462e-05	0.00142310531035604
"ENSG00000223485"	25.8916384984307	0.884333284122058	0.2132453190823	4.14702319341771	3.36825953396637e-05	0.00162134484554461
"ENSG00000224093"	59.280109430968	-0.928190777560796	0.221823919371109	-4.18435838746471	2.85972649652318e-05	0.00142985477694413
"ENSG00000224276"	31.211966453566	-1.50085395036332	0.260244702832606	-5.76708741437359	8.06532243093298e-09	1.76738098869845e-06
"ENSG00000224383"	160.319252653499	-0.592110129941943	0.159708633779611	-3.70743970397382	0.000209365244005961	0.00590353541584947
"ENSG00000224594"	27.9869211412738	0.828535769346287	0.234895231686874	3.52725665564282	0.000419889531788002	0.00929862660083714
"ENSG00000225473"	27.9894325550542	-1.05403930204405	0.290545023302863	-3.62780022890056	0.000285846292852944	0.00728354081091183
"ENSG00000225670"	41.6845649473177	-0.722337073347512	0.183633089266956	-3.93358885498798	8.36868824420126e-05	0.00315147541425248
"ENSG00000225745"	10.7339858325919	-1.5903644677827	0.45333458832766	-3.50814720237763	0.000451239294514018	0.00973061380269263
"ENSG00000225872"	10.01992944365	-1.69384214325938	0.340791878577198	-4.97031252719738	6.6845067001693e-07	7.92803168372142e-05
"ENSG00000226145"	159.428293494074	1.39652080120969	0.396881817942194	3.51873212144249	0.000433614300414963	0.00950400637155761
"ENSG00000226306"	9.82853749484066	-1.12618046575268	0.241979005697637	-4.65404204181205	3.25490391708659e-06	0.000261209094032532
"ENSG00000226415"	13146.6583537351	0.299980885901199	0.0854576188717291	3.51028837290057	0.000447620959424542	0.00967071423042187
"ENSG00000226887"	399.113218152708	0.91967861569311	0.215396429268393	4.26970223609023	1.95734101989956e-05	0.00108521589221371
"ENSG00000227165"	12.3359168184832	-1.44354407910373	0.294578962221965	-4.90036378774403	9.56593605826646e-07	0.000105312259696006
"ENSG00000227300"	856.008939233764	-1.47898377184863	0.284430398440647	-5.19980909198512	1.99493320895682e-07	2.92598250994621e-05
"ENSG00000227544"	25.8484051835819	-0.712457121887181	0.186246830340342	-3.82533823842938	0.000130592661779337	0.00430111875904823
"ENSG00000228203"	135.674481213555	0.703897621170759	0.195099554586754	3.60788943194517	0.000308697984280035	0.00765741799278804
"ENSG00000228232"	20155.2782370914	0.395879092134138	0.105158467276342	3.76459549466257	0.000166818908388413	0.00503931099710338
"ENSG00000228601"	66.2642791677544	-0.408406892087117	0.115322254900371	-3.54144039621794	0.000397948756773008	0.00896807340312452
"ENSG00000228951"	24.504061814853	1.63422275102648	0.441149918253233	3.70446118974091	0.000211840537253345	0.00593624441650901
"ENSG00000229415"	1554.3422577284	-0.883242743114476	0.245700896916119	-3.59478843667393	0.000324655288470441	0.00785488278908136
"ENSG00000229847"	3.72552875007604	2.19371287162334	0.567853911550063	3.86316414662918	0.000111927742290462	0.00387269988325
"ENSG00000230356"	9.8432885083078	-1.16373145684063	0.242960729772222	-4.78979239950276	1.66953951181017e-06	0.000161405187509413
"ENSG00000230439"	36.8037249214272	1.09131269495117	0.232030735155614	4.70331093947219	2.55976126889707e-06	0.000219766966552435
"ENSG00000230628"	48.496948061486	-1.87077702290839	0.291272038971269	-6.42278273436648	1.3380540753261e-10	5.59768840348693e-08
"ENSG00000231131"	28.4107009901574	1.41165981264235	0.369776468533418	3.81760315425472	0.000134754450922804	0.00437824699872783
"ENSG00000231322"	266.696311634236	1.30960681863711	0.364975274937845	3.58820695144387	0.000332959958386983	0.00797198302031851
"ENSG00000231672"	92.9765605379909	0.793640345510271	0.213533278160585	3.7167056692373	0.000201837345905176	0.00576903787817665
"ENSG00000232679"	23.0140564422527	1.0261052007228	0.231583720418831	4.43081749816887	9.38765158186392e-06	0.00062069102082502
"ENSG00000233056"	24.7220047359233	-2.25562989563073	0.264930521686218	-8.51404315846357	1.67971454036188e-17	1.48648276381487e-14
"ENSG00000233093"	47.9363314196822	-0.588924931893776	0.15700392489714	-3.75102044283036	0.000176116338146185	0.00520187525597633
"ENSG00000233766"	14.6869458851772	-0.790431384642338	0.214848122463555	-3.67902393364606	0.000234128297942094	0.0063377153027643
"ENSG00000234224"	35.0885504512005	-2.46120602284572	0.421662357831099	-5.8369118730574	5.31772039471246e-09	1.22989679508465e-06
"ENSG00000234722"	5.6761051431743	1.28498496479994	0.359558362337113	3.57378689914927	0.000351855322975197	0.00822747878692713
"ENSG00000235587"	5150.22834510294	0.429559450827973	0.113413236492701	3.78756011301747	0.000152133885005496	0.00469229029502877
"ENSG00000235884"	75.2954490319974	1.03091604981177	0.261079465465433	3.94866769002277	7.85873560251442e-05	0.00300867965854
"ENSG00000236975"	15.4134326592134	-1.29616551427786	0.344623207026201	-3.76110919941417	0.000169161555036958	0.00505877081763364
"ENSG00000237515"	77.8375458590766	2.08046869818745	0.493527887686548	4.21550382479867	2.49221167918576e-05	0.00129151573257624
"ENSG00000238098"	42.5694413649924	-0.964838641311347	0.200024065060207	-4.82361280389403	1.4098097407565e-06	0.000139820311745975
"ENSG00000238266"	52.3293254939454	1.05217705298858	0.272293784689498	3.86412438384666	0.000111488403295683	0.003863308240106
"ENSG00000242512"	363.048252025574	3.07420276048164	0.469824744691416	6.54329682550201	6.01772218981703e-11	2.61248622387736e-08
"ENSG00000242808"	419.901203902504	1.17325600787222	0.325896749140309	3.6000850298973	0.000318113136323788	0.00775367071363776
"ENSG00000243024"	17.4418339475476	1.11656643446111	0.293509312123316	3.80419423964305	0.000142266517076611	0.00453380926788884
"ENSG00000243064"	32.8485821246524	-1.12847794334367	0.298190597976866	-3.78441825798687	0.000154068533694066	0.00473292775936816
"ENSG00000243236"	22.3872257036273	2.54968123435278	0.562979347087873	4.52890722819857	5.92895220428684e-06	0.000424982122331576
"ENSG00000244215"	14.6317375277911	-1.21318678113259	0.322776598545283	-3.75859584183081	0.000170869586365417	0.00509266620813715
"ENSG00000245750"	249.412885553462	-1.3514796509101	0.351306726987262	-3.84700760643021	0.000119569258658535	0.00402217700654128
"ENSG00000248596"	45.8192917810617	-1.27977540039459	0.278627324679415	-4.59314391317178	4.36617737708385e-06	0.000328305147938962
"ENSG00000248626"	377.22332274722	0.543696794858204	0.114452603846953	4.750410008891	2.03004621334558e-06	0.000189875338710848
"ENSG00000248927"	20.8613659425343	0.514307043119794	0.141668945183605	3.63034426813333	0.000283043440537229	0.00722011809680832
"ENSG00000249364"	44.7622575905404	-0.925076618073675	0.220251320900416	-4.20009566476987	2.66802227471171e-05	0.00136418943375204
"ENSG00000249992"	344.888706795082	1.13297187263176	0.20600937055095	5.49961329235535	3.80625085430253e-08	7.06274402472959e-06
"ENSG00000250073"	63.8857871306438	-0.716151876769687	0.152818232243752	-4.68629865857494	2.78190227978609e-06	0.000233608721005833
"ENSG00000250266"	27.7179034673545	-1.84005776572516	0.323282330146794	-5.69179814093036	1.25708418200858e-08	2.54656801194128e-06
"ENSG00000250526"	654.729532115587	0.425794219006371	0.0911793316824191	4.66985457284801	3.01413035383265e-06	0.000245338380886892
"ENSG00000250584"	4.22861907143379	-1.66773651115503	0.454400578549497	-3.67019011392691	0.000242370138555636	0.00649275321228791
"ENSG00000250697"	12.6024876298258	1.43042947230084	0.403997402582073	3.54068977463351	0.000399082516827963	0.00898482351242134
"ENSG00000250899"	186.34519328126	0.391977726861977	0.106927317370511	3.66583335766054	0.000246534431642584	0.00655385643153665
"ENSG00000253497"	17.7091981175561	1.06236382082765	0.297023104820261	3.57670431554651	0.000347953374811607	0.00817025734411488
"ENSG00000253593"	5.76226486729683	-1.28383369675572	0.354448437549168	-3.62206053335367	0.000292265705496336	0.00738704982580699
"ENSG00000253633"	15.9283174268385	1.14686933413949	0.256893031722348	4.46438475364734	8.02991555123268e-06	0.000549819076907259
"ENSG00000253661"	9.64150836367853	2.23385366702194	0.463313808735552	4.82147008119278	1.4250409687148e-06	0.000140724324674501
"ENSG00000253665"	93.9502614583696	-1.56146759817217	0.43565995923712	-3.58414301122931	0.000338186760231509	0.00801974389029359
"ENSG00000254098"	24.1857766745335	1.07678611896325	0.301762647461365	3.56832142089791	0.000359275599147202	0.00833323816610682
"ENSG00000254109"	96.6567474086233	-0.633130284786483	0.165715725521959	-3.82058059241087	0.000133137890287538	0.0043513774398096
"ENSG00000254331"	54.1415634173549	0.469950961085928	0.127190194210877	3.69486786305843	0.000220001168246275	0.0061061602897208
"ENSG00000254615"	120.241130432576	0.598032839476166	0.168737551630983	3.54415975398304	0.00039386651196088	0.00890427131948542
"ENSG00000255007"	35.3982181395068	-1.10612579398019	0.296557932423621	-3.72988098797552	0.000191570235301547	0.00557248994191314
"ENSG00000255201"	32.9589291708975	1.12453999043969	0.217936599028967	5.15994098949035	2.47027692715552e-07	3.40851754507437e-05
"ENSG00000255345"	20.839539638626	-1.25582657026323	0.316061437296438	-3.97336220769438	7.08651607354432e-05	0.00282588645296674
"ENSG00000255909"	253.672831568616	0.36721765712083	0.0798796521391122	4.59713640817204	4.28337205249772e-06	0.000325267681702706
"ENSG00000256268"	20.8643063486934	1.55522913195803	0.385411826605006	4.03523977366665	5.4546565095976e-05	0.0023104489555563
"ENSG00000257588"	66.9748325693396	-1.58610325664084	0.352653425600988	-4.49762611532221	6.87164007234467e-06	0.00048057618974036
"ENSG00000257654"	7.38086784105199	-2.79341496170906	0.592654855688843	-4.71339251656392	2.43626257736532e-06	0.0002147738147226
"ENSG00000257883"	25.7164526596615	-2.66888121640094	0.456374858415155	-5.84800228844576	4.97511710993138e-09	1.16808642431032e-06
"ENSG00000257951"	19.2387160596258	1.00437179232008	0.246266730488538	4.07839008674712	4.53486325192466e-05	0.00201823343449777
"ENSG00000258072"	24.869243815186	0.836998941706343	0.184453174705838	4.53773128622575	5.68626515549968e-06	0.000415350079247276
"ENSG00000258461"	134.931773101092	-0.464273118188403	0.130417719704279	-3.55989292897575	0.00037100603067999	0.00853647775991589
"ENSG00000258479"	25.6555664867121	1.09997466667262	0.313995048744001	3.50315927296493	0.000459774455299901	0.00984088413208877
"ENSG00000258590"	40.2680636300678	1.63108709892261	0.281230066084772	5.79983186588217	6.6381442975704e-09	1.49742217787056e-06
"ENSG00000258844"	45.4875312232439	-1.19433507371913	0.276937086467335	-4.31265847761421	1.61303183393821e-05	0.000929440311805395
"ENSG00000258927"	11.7005647223988	2.06238228194644	0.452723799694112	4.55549781862565	5.22616580180702e-06	0.000385412977351852
"ENSG00000259342"	89.2001405828358	-1.38714244750394	0.232421856736317	-5.96820999101501	2.39870531783053e-09	6.27179666567756e-07
"ENSG00000259417"	106.250339144704	-0.914968802938995	0.188865834459058	-4.8445437765894	1.26902936827601e-06	0.000128630382091025
"ENSG00000259457"	10.2976504220151	-2.49432211474646	0.648136967663018	-3.84844907665152	0.000118867999662644	0.00400909888252267
"ENSG00000259641"	17.8105449179462	-1.04741902201596	0.244996069777376	-4.27524826405473	1.90924421093494e-05	0.00106367554599036
"ENSG00000260197"	42.0232680845077	8.64489410928483	0.285640357827679	30.2649603684509	3.3162011297738e-201	6.35853931624711e-198
"ENSG00000261409"	71.2862403057359	3.34655253740647	0.487357611938919	6.86672877456953	6.56907931652452e-12	3.59876061890268e-09
"ENSG00000261634"	16.2799673947841	-1.02724391885733	0.245054756194492	-4.19189545556927	2.76633475058143e-05	0.00139891420387095
"ENSG00000261780"	8.51083672058424	3.00189137194511	0.835398109800265	3.59336624865339	0.000326433246450241	0.00786481944248543
"ENSG00000261863"	19.7599603169553	-1.07443505560021	0.298488297008348	-3.59958854792273	0.000318721090051656	0.00776026831851699
"ENSG00000262772"	41.1731825022958	-0.871452251910768	0.210065155962669	-4.14848549211861	3.34682052391197e-05	0.00161779397972039
"ENSG00000264175"	23.8235259924681	-1.28333342256695	0.262833876919333	-4.88267889059377	1.04654221125962e-06	0.000111999487157547
"ENSG00000264311"	36.2250064265187	0.539719260771051	0.123896071351031	4.35622578573844	1.32324282396607e-05	0.000794947627588387
"ENSG00000266968"	182.857919635999	-3.08017380828029	0.40236102263462	-7.65524898040972	1.92938067560905e-14	1.3056799989732e-11
"ENSG00000267076"	145.962236667236	0.416937808617952	0.113014750049345	3.689233559654	0.000224930655250429	0.00621300053620303
"ENSG00000267164"	4.68762763240124	2.87389971051985	0.75509157774995	3.80602803051201	0.00014121638517473	0.00450658502979939
"ENSG00000268942"	294.103868586757	0.450763195978305	0.122193918377997	3.68891678048907	0.000225210862936542	0.00621328146919292
"ENSG00000270348"	107.045804691218	0.985693061761847	0.280458404730554	3.51457843707282	0.000440452576472201	0.00958255708115716
"ENSG00000271631"	26.0026977500258	-1.03505122840632	0.176984720240468	-5.84825191123849	4.96765845605132e-09	1.16808642431032e-06
"ENSG00000271996"	20.145030008188	1.43056301286844	0.393125091429542	3.63895117369998	0.000273750691321094	0.00706135611727248
