"ENSG00000001084"	9572.09912555453	-1.66751624337839	0.351075831682305	-4.74973237373788	2.03686025340689e-06	0.000240339064464816
"ENSG00000002745"	30.7031935914461	-1.77831411207412	0.39679734080679	-4.48166842161381	7.40617508582363e-06	0.000665231191667072
"ENSG00000003096"	570.002510876959	-1.53666434840091	0.381774866470711	-4.02505372500417	5.69623093374884e-05	0.00262129155109254
"ENSG00000003987"	274.919767253884	-1.58028102162524	0.416635700068088	-3.79295634379622	0.000148864335759092	0.0050795632457617
"ENSG00000005187"	798.626487822419	1.22641130041259	0.309203190944853	3.96636042682796	7.29784786061369e-05	0.00310381111691054
"ENSG00000006606"	51.7551069212682	-2.09679136298636	0.435513067422066	-4.81453145688119	1.47545661597856e-06	0.000187562327497517
"ENSG00000007314"	47.5856420468757	-2.09877314455788	0.515337697602548	-4.07261714856449	4.64878047683488e-05	0.00229919267936421
"ENSG00000007350"	29.1441136236639	-2.30104450937216	0.489364669230727	-4.70210592233674	2.57491854938745e-06	0.000288212201882707
"ENSG00000007372"	229.313231991196	-1.55322277372283	0.3508685855713	-4.42679349932055	9.5644214732154e-06	0.000793257396331209
"ENSG00000007952"	42.442945742092	1.79482093887824	0.390753525474633	4.5932303149361	4.36436925624355e-06	0.000444335275296052
"ENSG00000009694"	675.283643447242	-2.17319260809552	0.45440223480794	-4.78253063393065	1.73101996554899e-06	0.000212989510092602
"ENSG00000010379"	27.9341442030638	1.69462149605497	0.379288689691334	4.46789356527887	7.89935895212219e-06	0.000699062885112998
"ENSG00000013297"	409.20958463776	-1.35383656328678	0.370120781750924	-3.65782368901905	0.000254365918791787	0.00718123365089597
"ENSG00000016490"	2.21656039427082	-3.81757970032676	1.03754188158552	-3.67944636075116	0.000233740844657765	0.00681640442931624
"ENSG00000019102"	635.521278925081	1.48787537714466	0.380480914224294	3.91051251592493	9.2100487445347e-05	0.00369188173454702
"ENSG00000019505"	500.949085412735	-2.5681664551884	0.663830841551866	-3.86870614384937	0.000109414410086402	0.00416118373831078
"ENSG00000021826"	2911.70077614124	-3.78034741900234	0.588831279444919	-6.42008594136848	1.36197433010511e-10	1.42443942551766e-07
"ENSG00000023909"	6554.46927183588	-1.50492856222658	0.31715560719716	-4.74507947542307	2.08424486121865e-06	0.000244110193628062
"ENSG00000025423"	1349.59639425865	1.20172328895356	0.326576892007805	3.67975603407005	0.000233457192292548	0.00681640442931624
"ENSG00000039537"	221.04479737586	2.01828228805529	0.455453575306189	4.43136775619437	9.36372331362329e-06	0.000780615614938979
"ENSG00000041515"	102.327685841548	-1.31528446866555	0.295885622255426	-4.44524630375625	8.77912268543034e-06	0.000745383150808364
"ENSG00000047936"	7751.50328449047	1.46699214860961	0.379762829603373	3.86291662652121	0.000112041255052419	0.00423309891215288
"ENSG00000049192"	302.352314130436	1.00172675850469	0.239547218201121	4.1817507463754	2.89272994473064e-05	0.00166468877629926
"ENSG00000049283"	358.897977048132	1.27123338145811	0.296510477236587	4.2873135320739	1.8084695374436e-05	0.00120463655469036
"ENSG00000051341"	978.029535687909	-1.01758439824797	0.277584770890915	-3.66585095782456	0.000246517474777269	0.00702865003364335
"ENSG00000058335"	852.884155472909	1.86376952752998	0.370554831560234	5.02967271991169	4.91317744502769e-07	8.19183332120595e-05
"ENSG00000063438"	140.105432598046	-1.81616476216223	0.295276377351686	-6.15072827176792	7.71279621272551e-10	4.92954800162781e-07
"ENSG00000064218"	84.3605701711883	-2.41960453991362	0.636632477185567	-3.80063007562894	0.00014432863066339	0.00499377062095328
"ENSG00000065833"	4187.92107026641	-1.16767333699162	0.305688307027213	-3.819816820431	0.000133550818792885	0.00474208455186032
"ENSG00000067715"	965.164878749563	-2.11012003620601	0.415264203596458	-5.08139160065086	3.74679803602666e-07	6.78819496149113e-05
"ENSG00000069535"	1790.75649730819	1.34761479707072	0.26754778855855	5.03691248704082	4.73100945806975e-07	8.06176784473813e-05
"ENSG00000070087"	7486.56909770644	-1.09454253813063	0.303345662054864	-3.60823534022605	0.000308286783935895	0.00816268194658344
"ENSG00000070193"	78.2679810847775	1.85803377005118	0.388458570945341	4.78309376860839	1.72617550085448e-06	0.000212989510092602
"ENSG00000072274"	28172.1379270789	-1.1525241420725	0.298395702605188	-3.86240194483438	0.000112277635914622	0.0042350756143599
"ENSG00000074047"	429.836259310224	-1.24554753061704	0.32028762092239	-3.8888406833521	0.00010072420727117	0.0039071543295355
"ENSG00000074803"	11.3097731889802	1.84270353667728	0.488920246334434	3.76892458533374	0.000163952410207648	0.00537376211747546
"ENSG00000075651"	2784.15973346071	-1.09536455708146	0.26192305859359	-4.18200888063493	2.88944680786395e-05	0.00166468877629926
"ENSG00000076864"	2261.31362582002	1.49309310569518	0.352959857473658	4.23020656338127	2.33476820533929e-05	0.00144023275165286
"ENSG00000078018"	3140.12330307023	-1.16896639991352	0.328882574361843	-3.55435797163094	0.000378903101642385	0.00932425825207447
"ENSG00000079337"	720.446860667001	1.21049305063048	0.230885234683895	5.24283439903708	1.58128451551852e-07	3.43243164316658e-05
"ENSG00000080709"	90.0449990427232	1.05295934115423	0.260665492984225	4.03950415185164	5.35643198769209e-05	0.0025255357296067
"ENSG00000081985"	394.711954391251	-1.92329139927892	0.397622474241779	-4.83697860123831	1.318276138281e-06	0.000175330726391373
"ENSG00000082293"	54.1545560129818	-2.05261522803304	0.488209666723929	-4.20437235871806	2.61807630916e-05	0.00156465760512889
"ENSG00000087494"	3124.45882835856	-2.51255670041074	0.601943534999616	-4.17407373668752	2.99200846924162e-05	0.00170458588349867
"ENSG00000088926"	139.611872338947	1.72598121347412	0.488082913460829	3.53624592435694	0.000405856689367958	0.00975794834448
"ENSG00000089116"	13.9109606400185	-3.1917624295096	0.805059412330823	-3.96462966660901	7.35099802578136e-05	0.00311798156049137
"ENSG00000089250"	253.426610750415	-3.19273576568193	0.555244043001844	-5.75014861649101	8.91650355742534e-09	3.66356839915714e-06
"ENSG00000090512"	36.6401124388912	-3.6947445838488	0.898766727083782	-4.1109049462001	3.94111432760093e-05	0.00204697741678938
"ENSG00000090932"	32.186793753719	-3.44069439488264	0.678845122319879	-5.06845270262007	4.01062611483133e-07	6.99094668758743e-05
"ENSG00000091583"	288.328949608421	2.69072231974515	0.623449664769445	4.31586136266542	1.58981739870414e-05	0.00110513923041642
"ENSG00000095627"	70.9769830577872	-2.10666132407938	0.593977008341028	-3.54670516618693	0.000390080875643257	0.00950780812253783
"ENSG00000096088"	10593.3735912279	-3.80075738338754	0.700250769932775	-5.42770896739239	5.70820168609758e-08	1.72815806046604e-05
"ENSG00000099399"	19.5134280543276	-5.20820495233016	1.16229313968662	-4.48097366705131	7.43032796985691e-06	0.000665231191667072
"ENSG00000100031"	597.679804480334	1.14568127119947	0.257326449859784	4.45224838652904	8.49757867814327e-06	0.000729555178378353
"ENSG00000100033"	2507.46667534605	2.30254698696901	0.445857642085394	5.16430979224531	2.4132773173772e-07	4.89276781617799e-05
"ENSG00000100095"	52.6432031317575	-2.46953263056953	0.594567141127987	-4.15349665284974	3.27433004528051e-05	0.00182431567298751
"ENSG00000100473"	360.077704741918	-2.09092102948873	0.431345611689039	-4.84743781512281	1.25066216583887e-06	0.000168283542536763
"ENSG00000101977"	31.3355081530203	1.80664968046619	0.402564048576466	4.4878564960155	7.19433609679303e-06	0.000659499917335103
"ENSG00000102010"	139.90603776253	1.65443354487088	0.373769673921382	4.42634504697368	9.58431727498266e-06	0.000793257396331209
"ENSG00000102195"	22.1161186082417	-4.91475849345556	1.09647519950551	-4.48232526889073	7.38340909150576e-06	0.000665231191667072
"ENSG00000102996"	1465.63332081016	1.10326454367561	0.304082148369641	3.62817925876559	0.000285427060960253	0.00773544316329148
"ENSG00000103222"	8920.71806825932	-1.12785270901505	0.273631470324585	-4.12179457164478	3.75932367500467e-05	0.0019884661709927
"ENSG00000103740"	30.1775024246242	1.28716546314661	0.27129533427588	4.74451750739544	2.09003903449643e-06	0.000244110193628062
"ENSG00000103811"	20160.4018666171	1.40221281947996	0.274037590279668	5.11686304805461	3.10659016797412e-07	5.85564288589435e-05
"ENSG00000104112"	52.6548759291871	-2.29778333153194	0.466420237721846	-4.92642288155224	8.37486439217564e-07	0.000123523881281775
"ENSG00000104267"	1995.2488957527	1.21487980604597	0.299454499610935	4.05697629397587	4.97121255764588e-05	0.00240805536292366
"ENSG00000104321"	141.00561260628	-1.68575389979452	0.441551669612543	-3.81779532455115	0.000134649558828814	0.00475367420679718
"ENSG00000104327"	240.210441388984	-4.52612571865249	0.630256363598646	-7.18140423495157	6.89990077230625e-13	1.44327106245449e-09
"ENSG00000104722"	24.9122844319224	-2.13868472408795	0.560202953941519	-3.8176962635424	0.000134703619576329	0.00475367420679718
"ENSG00000104725"	282.464016173321	-3.76953930326673	0.714960051268502	-5.27237752176323	1.34667705771446e-07	3.08141161427378e-05
"ENSG00000104760"	810.811309883339	-3.0524000115935	0.762714580036026	-4.00202132159231	6.28036374821251e-05	0.00280071347363573
"ENSG00000104833"	37.0278984738726	-2.30696954232439	0.580589986890618	-3.97349178321089	7.0826602614308e-05	0.003051777714518
"ENSG00000105143"	66.8152440864924	-4.2382206594831	1.0211353553101	-4.15049840106263	3.31752085972886e-05	0.00183492397743994
"ENSG00000105609"	702.699588681601	-1.02435393788741	0.250318006062639	-4.09221036073242	4.27280766213628e-05	0.00217506706854189
"ENSG00000105889"	163.316670195397	-1.81206617628089	0.413254166391914	-4.38487091879045	1.16054575531405e-05	0.000903955605984519
"ENSG00000105991"	133.227934114375	-1.28928850547566	0.339970915621534	-3.79234942235744	0.00014922873699	0.0050795632457617
"ENSG00000106258"	582.575629915757	2.31539136039457	0.414337859085008	5.58817233237557	2.29471865392966e-08	8.2498721106668e-06
"ENSG00000107295"	71.4917505823909	-2.0719650774848	0.57650121315862	-3.59403420182347	0.000325597068407828	0.00844606871138187
"ENSG00000107518"	128.73310299107	-2.74956833485605	0.56189991828058	-4.89334175963178	9.9138029970689e-07	0.000141681175875502
"ENSG00000107807"	20.704017256045	-3.74522784379464	0.987982979361646	-3.79078174627512	0.000150173874193052	0.00510179183454974
"ENSG00000108448"	1049.3189528406	-1.48318734235342	0.404565643444474	-3.66612283170058	0.000246255677022844	0.00702865003364335
"ENSG00000108602"	2215.52849930984	-3.02711387144795	0.661925303662139	-4.57319557765849	4.80341382938069e-06	0.000480529342609653
"ENSG00000109101"	107.702337402574	-2.19223614480438	0.575661094221456	-3.8082061942526	0.000139978532157508	0.00488735363643719
"ENSG00000109906"	231.37692354625	1.92861329535307	0.448136661132609	4.30362758199417	1.6802401604916e-05	0.00115503361479944
"ENSG00000110195"	3597.91193678043	1.68824453579178	0.449315611377468	3.75736896970066	0.00017170922541297	0.00554255432750015
"ENSG00000110347"	6435.05335023312	-1.52317032203286	0.420802661415154	-3.61967844240923	0.000294969341447366	0.00793795272206135
"ENSG00000110680"	537.827074395418	-6.92156730671798	0.840454005109049	-8.2355099323013	1.78794412554483e-16	1.37129354615537e-12
"ENSG00000111215"	144.924055227757	1.21996303671702	0.260700262971067	4.67956197210437	2.87488454660568e-06	0.000312019898739859
"ENSG00000111291"	86.4054953076657	-1.34976805889232	0.312512003357913	-4.31909188891684	1.56672543590467e-05	0.00109238744105244
"ENSG00000111432"	490.457799051507	-2.1951490359959	0.536491660525434	-4.09167410700475	4.28270227863197e-05	0.00217529131852192
"ENSG00000112238"	14.002736273292	-4.09802922310185	0.99823050049264	-4.1052935379949	4.03801795528785e-05	0.00208788213782513
"ENSG00000112290"	1208.28301087081	-1.31349128432478	0.277859709136971	-4.72717432982445	2.27665795221514e-06	0.000263234285540292
"ENSG00000113249"	177.235906394733	-2.4675860665734	0.568939386576886	-4.33716864184781	1.44329885639606e-05	0.00102813818535037
"ENSG00000113262"	11.9446378363869	1.43341502133829	0.339304347719939	4.22457015647034	2.39397267626472e-05	0.0014572200346078
"ENSG00000113396"	36.7420425101961	1.89508394823972	0.482776631627823	3.92538458593136	8.65912803807537e-05	0.00351389553841404
"ENSG00000114346"	5866.36316717042	-1.08317750594596	0.218442168942303	-4.95864654334234	7.09859825579369e-07	0.00011110996412759
"ENSG00000114638"	1618.71389174921	-7.11893076985036	0.982924492173368	-7.24260187484954	4.40157576689155e-13	1.12528729800453e-09
"ENSG00000114770"	10015.2687247485	-1.11952579635256	0.301495702484177	-3.71323964861925	0.000204622954973824	0.00621919525748821
"ENSG00000114948"	2074.21133793304	-3.01140013827219	0.562059299779531	-5.3577979039817	8.42423934838326e-08	2.18018948117331e-05
"ENSG00000115138"	14.2911240537179	-2.36034684202541	0.58812820656231	-4.01332025175592	5.98705972097534e-05	0.00272245567430675
"ENSG00000115290"	528.298910213672	1.4706538937528	0.377805088359175	3.89262595731551	9.91649840729137e-05	0.00387383211975156
"ENSG00000115665"	56.9190585029891	-2.73777561195207	0.746255192540241	-3.66868551042537	0.000243800758077818	0.00700326047766856
"ENSG00000115705"	28.3451515096242	1.62238630326239	0.426605594584444	3.80301225267041	0.000142947282685105	0.00496089596878067
"ENSG00000117394"	19225.0005935528	-1.50129104023768	0.384494573732707	-3.90458316657897	9.4387929638825e-05	0.00374700478893865
"ENSG00000117407"	235.451497031251	-2.11666147967062	0.443805193974579	-4.76934814735824	1.84823003133496e-06	0.000225004893074
"ENSG00000117480"	774.27556725183	1.02461543226606	0.253898636310255	4.03552948198594	5.4479297808126e-05	0.00253747806329387
"ENSG00000117707"	897.639399832693	-1.35785571332724	0.374508551198193	-3.62570015820185	0.000288179581448007	0.00779168506408601
"ENSG00000117834"	132.827070401387	1.48119628599953	0.367146671325389	4.03434485910618	5.4754852352636e-05	0.00254002902778589
"ENSG00000118004"	70.1813941790101	-1.45627693723167	0.39673400195931	-3.67066329086919	0.000241921858860302	0.00697541359713871
"ENSG00000118307"	121.383949785195	1.37092080734539	0.345202376853094	3.97135390504223	7.14653213670553e-05	0.00306209605090238
"ENSG00000118322"	939.997304833405	1.65514760802483	0.400674148883775	4.1309069043657	3.61334900784544e-05	0.00194100144933211
"ENSG00000119125"	621.903843965046	-3.53027165465627	0.660150146486135	-5.34767987774796	8.90888554407442e-08	2.22809290743053e-05
"ENSG00000119866"	850.918102431407	-1.41464395468104	0.36106524538765	-3.91797319944831	8.92966314773542e-05	0.0035920038350742
"ENSG00000119943"	557.207706675039	1.01677151049007	0.235247691066586	4.3221317322187	1.54528875159108e-05	0.00108139716820513
"ENSG00000120211"	26.1431805424438	-4.40620662238138	1.14434712009172	-3.85041089807453	0.000117919824603632	0.00439431503139081
"ENSG00000120251"	35.4138400786973	-2.36173155412504	0.622764262834655	-3.79233635432944	0.000149236592382759	0.0050795632457617
"ENSG00000120332"	55.3199006529841	1.10635186305357	0.295371872492542	3.74562362257938	0.000179946207420352	0.00569516132948401
"ENSG00000122254"	717.532635518243	-1.33607093019985	0.344759154153332	-3.87537477715713	0.000106460717453643	0.00407579808301312
"ENSG00000122574"	264.245554733185	-1.62070000304866	0.333739510551747	-4.85618259692798	1.19670356814498e-06	0.000161970308232046
"ENSG00000122733"	95.8390430255428	-2.20435397242588	0.430144007568513	-5.12468832214238	2.98030335603006e-07	5.66725619164427e-05
"ENSG00000123838"	14769.0235701404	1.90210132230919	0.496549811093505	3.83063547667126	0.000127812737200563	0.00461670843053022
"ENSG00000124469"	40.7598866363198	3.28915163750748	0.752143128184367	4.37303953763071	1.22528522740063e-05	0.000930448442153831
"ENSG00000124479"	41.9815351541504	3.07933863006627	0.528698332531209	5.82437742015102	5.73258950242607e-09	2.53656061271772e-06
"ENSG00000124593"	993.566212338121	1.29412928813721	0.241731098876194	5.35359039094932	8.62259301954762e-08	2.18018948117331e-05
"ENSG00000124713"	29.2267562674726	1.37826488742561	0.278269412943452	4.95298736877592	7.3082720436116e-07	0.000112856396947288
"ENSG00000124939"	56.8733263837453	2.75883177723012	0.580420426379822	4.75316107401218	2.00260677736879e-06	0.000237515357425147
"ENSG00000125046"	16.0949893609118	1.5982451858516	0.367392718187434	4.35023642748472	1.35990826605401e-05	0.00100288875941143
"ENSG00000125255"	27.5411778818923	3.17474685073572	0.892057945289229	3.55890205059088	0.000372408375471642	0.0092312532233693
"ENSG00000125285"	360.667441384824	-3.22961961216714	0.564386673112927	-5.7223527167179	1.05058910164067e-08	4.24087800695618e-06
"ENSG00000125851"	595.77272923917	-4.86459308984853	0.694812478186209	-7.00130357840929	2.53591777559576e-12	4.86241100822357e-09
"ENSG00000128040"	26.7832833521192	-1.82340930765717	0.45894755835512	-3.97302322337723	7.09661271228957e-05	0.00305207405415085
"ENSG00000129151"	129.176258475814	2.48189459469553	0.466278950970709	5.32276781855298	1.02200156305016e-07	2.44950353793969e-05
"ENSG00000129270"	701.089092276441	1.52852475708203	0.398456473170567	3.83611475782881	0.000124996018631238	0.00455789761123004
"ENSG00000129521"	5386.29791612736	-1.22215590911188	0.327833921077492	-3.72797270366356	0.000193026278685584	0.00596954522349006
"ENSG00000130226"	39.2880455553851	2.46758158116432	0.416615738566762	5.92291973810993	3.16275230423079e-09	1.54833548442652e-06
"ENSG00000130513"	1068.07185183886	1.53566781720318	0.406068475024707	3.78179521842897	0.000155701426595978	0.00519961411400126
"ENSG00000130590"	273.932360729297	1.08464401026655	0.24455156189214	4.43523648703962	9.19712701804272e-06	0.000772323706416587
"ENSG00000130821"	4450.40080494988	-1.45359206928137	0.397368218294848	-3.65804813358981	0.000254143325753782	0.00718123365089597
"ENSG00000130822"	306.881375260338	-2.1512532604804	0.565307226494987	-3.80545862436358	0.000141541675126604	0.00492266151764111
"ENSG00000131668"	128.445135017842	-2.83180318374113	0.769190947928927	-3.68153472342058	0.000231834207121964	0.00679525257537485
"ENSG00000132185"	378.77877451414	-1.65660367767906	0.357972808247667	-4.62773607243633	3.69684720148213e-06	0.00038315656422929
"ENSG00000132329"	290.516964486	1.47075654079174	0.384385933750345	3.82624964041213	0.000130110346108135	0.00466309805857023
"ENSG00000132872"	77.8991172906849	-3.75890861711281	0.88705257720523	-4.23752629066895	2.25995963105927e-05	0.00141687768803931
"ENSG00000132874"	87.7145275132291	-3.05543956873862	0.612172008959557	-4.991145501624	6.00222605988657e-07	9.72571967689649e-05
"ENSG00000133048"	8693.0232832226	1.26351648589456	0.328259923720666	3.84913416043364	0.000118536075381048	0.00439902670716537
"ENSG00000133067"	289.878759812939	1.46071064956018	0.380706789545575	3.8368389786369	0.000124628128927429	0.00455538223771482
"ENSG00000133519"	63.0187289674674	1.33936109719748	0.379151622779934	3.5325210726445	0.000411617419668112	0.00980325826818121
"ENSG00000133636"	6253.62531910755	-6.01206307758382	0.825730917628448	-7.28089859448505	3.31603880855626e-13	9.53734211825887e-10
"ENSG00000133863"	132.663207047016	-4.2093117130355	0.78424576910088	-5.36733748383671	7.99074535206624e-08	2.11332252650221e-05
"ENSG00000134207"	15.9283870247402	1.46634493706459	0.35762416329355	4.10024010559086	4.12721704712945e-05	0.00212445496727968
"ENSG00000134245"	334.974396060018	-1.30596819560995	0.320701092389831	-4.07222870953763	4.65654217299196e-05	0.00229919267936421
"ENSG00000134321"	2094.6131927632	1.14687065732126	0.258688452292939	4.43340492069024	9.27564230082875e-06	0.00077608455890825
"ENSG00000135111"	1405.4728803303	1.03206120085196	0.250777949120534	4.11543839668258	3.86444202806636e-05	0.002022307594649
"ENSG00000135119"	148.721067477833	-1.07394001332126	0.294345777269144	-3.64856606160606	0.000263708096748244	0.00730163609877297
"ENSG00000135324"	314.630899739057	-3.28676332045209	0.568370515121608	-5.78278294353263	7.34748418466743e-09	3.13070858527802e-06
"ENSG00000135919"	3635.40056327247	-1.19333676001486	0.297255259257717	-4.0145185757008	5.95672526114527e-05	0.00271402557492459
"ENSG00000136110"	67.2885779028968	-4.19850719747734	1.13013175768007	-3.71505992017781	0.000203155547705831	0.00619947744981893
"ENSG00000136457"	99.8859147418128	1.10382129632037	0.288352000872475	3.82803411448681	0.000129170856012398	0.00463664933851678
"ENSG00000136535"	5.39595467271182	-3.63994058197272	0.802253740269201	-4.53714379786041	5.70212278793687e-06	0.0005403428561132
"ENSG00000136574"	23.6148750571221	-3.67030300216788	0.852428882675236	-4.30569995546035	1.66458553047647e-05	0.00115016361773973
"ENSG00000136688"	206.216126493368	-3.17747569612949	0.678363576564193	-4.68403051977365	2.81288097342419e-06	0.000308197991988177
"ENSG00000136805"	22.7451633481111	-3.54648547392399	0.799365960642695	-4.43662308446633	9.13810934033375e-06	0.000772323706416587
"ENSG00000136872"	30.478859317951	1.75523019127447	0.408013923888522	4.30188797124	1.69348933782253e-05	0.00115503361479944
"ENSG00000136883"	312.199955736514	2.36639696415371	0.455973096067574	5.18977322250394	2.10550349456203e-07	4.40413908239798e-05
"ENSG00000136928"	180.892424609741	1.90100399142826	0.529790444700372	3.58821872014583	0.000332944932539552	0.00855788776239249
"ENSG00000136944"	67.7939841213563	2.43525905693887	0.608530960959622	4.00186549768739	6.28450223361707e-05	0.00280071347363573
"ENSG00000137198"	446.687428116511	1.50882524386104	0.254493861925521	5.92872940999498	3.05287678126234e-09	1.52703569261011e-06
"ENSG00000137261"	370.404159970464	-1.95429229043879	0.438302646384227	-4.45877365003544	8.24299113197837e-06	0.000721152026447492
"ENSG00000137265"	2134.62895453558	-1.08429746383334	0.295337414584379	-3.67138537241969	0.000241239270176011	0.00696445968316166
"ENSG00000137440"	1571.5287239133	-2.38005175955331	0.533500364889802	-4.46119987199058	8.15020305217181e-06	0.000718498168687438
"ENSG00000138083"	23.4210127158006	-3.86626619506257	0.757292611794279	-5.10537952549424	3.30131260046793e-07	6.07679212993332e-05
"ENSG00000138294"	489.635590095126	-2.53979195684584	0.645098983771547	-3.93705775507046	8.24867595076686e-05	0.00340742881420457
"ENSG00000138829"	1917.01802364226	-2.50116368347476	0.601941109960371	-4.15516342394262	3.25055122600811e-05	0.00181975506470123
"ENSG00000139055"	752.998503822821	1.09729439404717	0.302017549838007	3.63321401235038	0.0002799126637448	0.00762190589361433
"ENSG00000139144"	183.897205214651	-3.39033605601938	0.63050934803843	-5.3771384461896	7.56789805918205e-08	2.06696503935706e-05
"ENSG00000139304"	137.476320751714	-1.70289724058409	0.412040298397903	-4.13284148954677	3.58305841019628e-05	0.00193909376731634
"ENSG00000139352"	278.6730351366	-5.07410000074803	0.831034717870963	-6.10576175896409	1.02311525185417e-09	6.19496284997697e-07
"ENSG00000139364"	71.6919776371069	2.50902182777527	0.376334613855699	6.66699722905989	2.61090020695113e-11	3.75463767885866e-08
"ENSG00000139973"	38.5015459935625	2.15167139858946	0.532517635021085	4.04056364913486	5.33228903786367e-05	0.0025193149583615
"ENSG00000140279"	558.156775712572	-1.70048071752908	0.449775441118873	-3.78073269918633	0.000156367489422453	0.00520429523786955
"ENSG00000140519"	748.235273770606	-4.07588148035827	0.817125901261186	-4.98807035007382	6.09853626369597e-07	9.74566181952643e-05
"ENSG00000142149"	424.212081358496	1.27164744660241	0.315747730779586	4.02741594836705	5.63932170916472e-05	0.00260552516478255
"ENSG00000142606"	36.1357963658817	1.28545107714785	0.356524846912542	3.60550208009255	0.000311549995338448	0.00820921390530738
"ENSG00000142973"	5404.62971068011	1.9672595380829	0.458327105423222	4.29226095250535	1.76862916089882e-05	0.00118989439658248
"ENSG00000143199"	47.8993900064606	-2.34421515946247	0.481011226291247	-4.87351444484391	1.09630247913806e-06	0.000151046848757411
"ENSG00000143469"	142.022161174967	-4.08956749794404	0.723233496763009	-5.65456040994755	1.56245638352233e-08	6.09331507262122e-06
"ENSG00000143473"	24.1585498550863	-4.16406289487981	0.709424158142503	-5.86963785640264	4.36748070958282e-09	1.97041889503512e-06
"ENSG00000144191"	271.134698035182	-3.45740858369221	0.681815697575873	-5.07088439879674	3.95971252869079e-07	6.95713035894749e-05
"ENSG00000144285"	445.011353597084	1.74220536794372	0.433637593562687	4.01765297521851	5.8780675678321e-05	0.00268796743177086
"ENSG00000144331"	1071.81152201252	1.69640695526924	0.400794164004191	4.23261391413749	2.30990848686388e-05	0.0014336986904985
"ENSG00000144407"	65.5006275503234	-2.30011093292146	0.580325772732959	-3.9634823076863	7.38643400609471e-05	0.00311798156049137
"ENSG00000144476"	3280.09249932969	-1.46459741615196	0.362616230245878	-4.03897369723045	5.36855842393524e-05	0.00252607690749133
"ENSG00000144847"	210.475905286741	-1.93777216458093	0.51608158102457	-3.75477877108867	0.000173494650779947	0.00559095016778124
"ENSG00000144857"	564.975251898608	1.02266488464464	0.288651717490536	3.54290247615856	0.000395749024295298	0.009635755873027
"ENSG00000144893"	166.332193001975	-1.72959071723072	0.341813360279533	-5.06004421774582	4.19159262209111e-07	7.25145523621763e-05
"ENSG00000145087"	147.563345965219	-4.83343853679471	0.784047708012791	-6.16472503828282	7.06057194524064e-10	4.6416199968012e-07
"ENSG00000145198"	25.3872987612791	-2.18952461799587	0.474080269135817	-4.61846813829033	3.86583323687404e-06	0.000396872373158187
"ENSG00000145244"	391.735180744838	1.04536098924989	0.285136574426425	3.66617643265414	0.00024620409340062	0.00702865003364335
"ENSG00000145526"	20.1869977337856	-5.05117730770058	1.0204185837984	-4.95010321048654	7.41741354030462e-07	0.000113778178765913
"ENSG00000145920"	185.138562489703	-5.21103411719491	0.885295877014074	-5.88620624188456	3.95161151456241e-09	1.81845258677133e-06
"ENSG00000146005"	25.8564427753795	1.51051398698675	0.404722418148949	3.73222218303421	0.000189797975567509	0.0058965531469049
"ENSG00000146006"	56.2207368504663	-1.52838193834093	0.355370760703812	-4.30080948504028	1.70175320707989e-05	0.00115503361479944
"ENSG00000146374"	538.763121544092	-1.27596786901233	0.348630182697684	-3.65994664930887	0.000252267765884323	0.0071395190962268
"ENSG00000146453"	36.3349349749166	-2.53278261486699	0.581310253471017	-4.35702380913409	1.31842930980344e-05	0.000984926623028162
"ENSG00000147402"	148.73413154044	-3.40021236701894	0.647490295210798	-5.25137193896004	1.50970478472231e-07	3.36117667977953e-05
"ENSG00000147465"	38.5506493752033	-2.11761622689173	0.54924164756226	-3.85552741000342	0.000115480389931968	0.00432750536147339
"ENSG00000147573"	72.899124864998	1.84750522100752	0.447336724087277	4.13001017248712	3.62747183465421e-05	0.00194103487078044
"ENSG00000148053"	8332.3122872931	-4.49016825878018	0.623518052118802	-7.20134444146718	5.96217214118168e-13	1.37183618796449e-09
"ENSG00000148600"	382.10731477026	-1.90383501924895	0.505672368554708	-3.76495758447395	0.00016657735631358	0.00542886457708096
"ENSG00000148798"	220.248630701584	-3.57160727470574	0.648863533323242	-5.50440437978272	3.7041843934617e-08	1.21638252201677e-05
"ENSG00000148942"	111.509757852614	-1.96182618181682	0.509540348423464	-3.8501880918494	0.000118027149784846	0.00439431503139081
"ENSG00000149043"	127.656126229045	1.91118962586199	0.478069805961024	3.99772083915671	6.39553135887202e-05	0.00282477066548636
"ENSG00000150551"	96.0459922988532	2.14167106799593	0.389815342601372	5.49406560989577	3.92784455267245e-08	1.2380243193485e-05
"ENSG00000150750"	20.7018461011679	-3.55074148512247	0.883871251961195	-4.01726097239144	5.88785077844544e-05	0.00268796743177086
"ENSG00000151364"	186.058781218384	1.21713403853806	0.305213713397147	3.98780914851723	6.6686275442954e-05	0.0028896130163219
"ENSG00000151632"	17030.1217684106	-2.92924446284084	0.642512775822208	-4.5590446961811	5.13868349495584e-06	0.000509637795411375
"ENSG00000152092"	81.4336638529987	-2.5678901051687	0.599392892998469	-4.2841517394756	1.83437693061431e-05	0.00121634521027391
"ENSG00000152268"	5858.52941707944	1.30645541253538	0.266241509588186	4.90703126855075	9.24652963015101e-07	0.00013297087516259
"ENSG00000152578"	22.2862551066618	1.62222871387034	0.386934741138328	4.19251243529563	2.75881954558498e-05	0.00161520811512379
"ENSG00000153446"	4893.91525821157	2.18602001665596	0.495122308352887	4.41511113471771	1.00958110241452e-05	0.000812755023644658
"ENSG00000153956"	1890.34907069421	-1.07144915995272	0.282698201514072	-3.79008127471013	0.000150598000987598	0.00510325390975499
"ENSG00000154040"	511.366393101467	-1.48402995914489	0.391820150464638	-3.78752842952324	0.000152153279979917	0.00513327686078874
"ENSG00000154165"	283.220352562038	-4.76232244312592	0.345859630787356	-13.7695238738456	3.88766837188528e-43	8.94513615687085e-39
"ENSG00000154198"	17.0646403562997	2.11401142593006	0.494364459768563	4.27622047693262	1.9009297016014e-05	0.00125325190556294
"ENSG00000154277"	3440.43553029274	-2.12549599002	0.450809384300616	-4.71484415373802	2.41895823913352e-06	0.000276904527981209
"ENSG00000154548"	161.311397674022	-1.39288139223426	0.307905881307316	-4.52372454309846	6.07607926145072e-06	0.000571062080681374
"ENSG00000154917"	1593.05464201086	-1.71099377080235	0.38426387201101	-4.4526532297924	8.4815672144985e-06	0.000729555178378353
"ENSG00000155897"	74.1973087946884	-2.99644493935275	0.842771856203766	-3.55546393403563	0.000377312703341561	0.00931178707753821
"ENSG00000156096"	37.201885798858	-3.0865557159199	0.598190414028175	-5.15982142731984	2.47185499068887e-07	4.94564447658785e-05
"ENSG00000156140"	300.380766582906	1.43956595952871	0.272924923913031	5.27458591501684	1.3305617397555e-07	3.08141161427378e-05
"ENSG00000156738"	1806.74982013588	-1.31114423873473	0.369035065825954	-3.55289878971312	0.000381011025632955	0.00935611813104447
"ENSG00000157152"	79.2779024062802	-1.81983589708003	0.483110929889967	-3.76691104358686	0.000165279859216621	0.0054018810805614
"ENSG00000157168"	416.14323637991	-1.53832913718414	0.382131215506688	-4.02565682875288	5.68164983990456e-05	0.002619821265859
"ENSG00000157833"	450.265668394543	-1.14756365761274	0.238113440608051	-4.81939891625731	1.43991385765454e-06	0.000184980936657876
"ENSG00000157890"	127.512918649652	2.87819701690972	0.51502747568119	5.58843392404053	2.29126527542198e-08	8.2498721106668e-06
"ENSG00000158022"	16.4217436566689	2.22870992979284	0.578961971539455	3.84949278078959	0.000118362671884723	0.00439902670716537
"ENSG00000158125"	1229.83832909233	1.54697647063985	0.374402916965388	4.13184940752709	3.59856160043494e-05	0.00193909376731634
"ENSG00000159164"	714.93384941814	-1.06821001842154	0.301097231452868	-3.54772447845888	0.000388574470539174	0.00948113466875487
"ENSG00000159217"	356.62642142432	-2.98117493083398	0.693420510855742	-4.29923096326492	1.71391790066909e-05	0.0011598687346028
"ENSG00000159228"	4898.39435507764	-1.25095893477452	0.31658841286516	-3.95137308865226	7.77040759028145e-05	0.00324481503166581
"ENSG00000159231"	316.00212958104	-1.47809654346731	0.362421648882211	-4.07838921329919	4.53488028566813e-05	0.00226340695212447
"ENSG00000159387"	139.308191935974	1.82205178432281	0.486059428206391	3.74861936336956	0.000177810707861926	0.00567440579361312
"ENSG00000159409"	19.6927543292982	-2.58824158492467	0.704063327525354	-3.67614884022129	0.000236781408090497	0.0068721946602766
"ENSG00000159423"	478.523761999327	1.01724901618645	0.240345860066632	4.23243827001817	2.31171373886281e-05	0.0014336986904985
"ENSG00000159648"	103.635395752284	2.94050649772499	0.45989911614861	6.39380767319155	1.61804928385279e-10	1.53799267715162e-07
"ENSG00000159674"	695.296743193582	1.59866055858065	0.283309597828635	5.64280409429557	1.67302677885213e-08	6.41577885910144e-06
"ENSG00000159708"	361.756073541996	2.35096346118138	0.354700797053099	6.62801854609151	3.40222733889069e-11	4.60481463767857e-08
"ENSG00000160111"	926.497720434731	1.89727464648782	0.366013561210896	5.1836184435653	2.17621916477192e-07	4.51104745605739e-05
"ENSG00000160678"	55.9691859932915	1.12104880113688	0.249394188850903	4.49508790201636	6.95412137225337e-06	0.000645061064930329
"ENSG00000160862"	2559.20099071574	2.79940086154252	0.551679757571951	5.07432223698622	3.88879574653219e-07	6.9362249094542e-05
"ENSG00000161055"	609.865377808727	2.72636910058536	0.633855946040099	4.30124402495213	1.69841894564885e-05	0.00115503361479944
"ENSG00000162039"	27.7213800259929	-1.98347780377688	0.488817325266447	-4.05770765734564	4.95567472841074e-05	0.00240559324527432
"ENSG00000162174"	692.72727543885	1.54007199970933	0.297516362415228	5.17642790200538	2.26174396580246e-07	4.64647025974543e-05
"ENSG00000163053"	2073.21446645365	-2.46892413813175	0.388619455211385	-6.35306365912331	2.11068315344737e-10	1.73445388134537e-07
"ENSG00000163064"	27.4883176650064	-4.44716749482821	0.950739937067971	-4.6775856587481	2.90272330675241e-06	0.000313562256174019
"ENSG00000163209"	1236.80900838318	-4.6718836431755	0.936615634956979	-4.98804789158798	6.09924508675651e-07	9.74566181952643e-05
"ENSG00000163216"	596.964550187132	-3.21157924695678	0.883569727512884	-3.63477736612468	0.000278220790737478	0.00758481300246283
"ENSG00000163485"	290.375914181952	1.80861634873282	0.367837493593823	4.91688960541349	8.7930103598081e-07	0.000128049604663813
"ENSG00000163631"	56.1041651645847	2.15400379300925	0.552901167100239	3.89582066593601	9.78667846634201e-05	0.00384269086744135
"ENSG00000163687"	284.18563933153	-1.6458782322417	0.313089148646784	-5.25689963818746	1.46504209796357e-07	3.30481898353371e-05
"ENSG00000163918"	2068.27229337334	-1.03581412476901	0.247048340799253	-4.19275888037919	2.75582311678522e-05	0.00161520811512379
"ENSG00000164076"	6.5331641196455	-2.60732949898589	0.676250906042746	-3.85556525793562	0.00011546252353816	0.00432750536147339
"ENSG00000164176"	5800.69460699022	1.11239258056836	0.256947678977573	4.32925716626322	1.49613142067073e-05	0.00105921501102193
"ENSG00000164304"	10.6846106771804	-2.03353970175489	0.53170755221762	-3.82454545411947	0.000131013574463731	0.00466835742418829
"ENSG00000164434"	98.3623129159387	-3.76514722347943	0.741484535948223	-5.077849963067	3.81729945463012e-07	6.86189399621754e-05
"ENSG00000164616"	33.6793410713683	-6.58043760696311	1.37481722297894	-4.78640905640146	1.69791823487244e-06	0.000211836887943168
"ENSG00000164736"	115.136847502203	1.68445846490187	0.244087328909982	6.90104837651401	5.16201486569475e-12	8.48377143176932e-09
"ENSG00000164744"	20.8474326868613	-2.81719816086056	0.636717210582207	-4.4245673181734	9.66357675563553e-06	0.000796950672295405
"ENSG00000164756"	36.1905610220852	-2.5038879115221	0.699406499448994	-3.5800180774624	0.000343570438127041	0.00873504111697799
"ENSG00000165192"	10.1355431196301	1.49254444424493	0.415877454076577	3.58890444676547	0.000332070516679793	0.00855153930207568
"ENSG00000165376"	1702.22433864553	2.28586940688409	0.643480835324351	3.55235040641402	0.00038180604605141	0.00935779911593239
"ENSG00000165643"	9.78612847215225	-5.67562130600866	1.3484549805115	-4.20898093598629	2.56525028924665e-05	0.00154109253016387
"ENSG00000165970"	7.0034609253531	-3.83835107120508	1.06554573123514	-3.60223963992216	0.000315487322425591	0.0082489179564664
"ENSG00000166206"	783.880974860575	-2.05842910094497	0.507907402724906	-4.05276451948046	5.0615943262588e-05	0.00243644819775918
"ENSG00000166396"	296.812958803669	-2.57129498140969	0.67218875799723	-3.82525734151045	0.000130635553897252	0.00466738114848118
"ENSG00000166492"	21.6043131946716	1.48055708374415	0.282590844890631	5.23922522796928	1.61252141388404e-07	3.46752385159419e-05
"ENSG00000166603"	12.7914792477517	-2.73958608166782	0.566070725282643	-4.83965334949961	1.30065797429263e-06	0.000173993251921506
"ENSG00000166819"	21.4843888044252	1.32881035773245	0.295667382664975	4.49427443012252	6.98075558119222e-06	0.000645061064930329
"ENSG00000167634"	70.5591518738178	-1.52808879072359	0.419538619891746	-3.64230780736679	0.000270204703679934	0.00741878306973457
"ENSG00000167779"	261.04192474567	1.84541055588316	0.369568940166929	4.99341355647912	5.93213434831168e-07	9.70653239165628e-05
"ENSG00000167941"	195.442861088511	-3.68526745431443	0.741953165585755	-4.96698123985359	6.80031637896733e-07	0.000107170191481958
"ENSG00000168077"	1345.89358037492	1.04840990654826	0.268589894176876	3.90338553042447	9.4856423455074e-05	0.00375182597127968
"ENSG00000168309"	1195.4756048061	2.00488230227725	0.319554753902254	6.27398678252961	3.51918396234633e-10	2.69909679298756e-07
"ENSG00000168389"	2122.47710228513	1.27387613629694	0.273408115959633	4.65924770311143	3.17367116058738e-06	0.000336511519511313
"ENSG00000168490"	81.5853673117827	1.81673070036763	0.336190212578474	5.40387742532381	6.52155186196278e-08	1.85252329372718e-05
"ENSG00000168676"	40.6386685962814	2.0788025430479	0.352003238415365	5.90563471065257	3.51291593288826e-09	1.65838609977432e-06
"ENSG00000169213"	795.157811650352	-2.16549372193396	0.475467556047951	-4.5544510753444	5.25225464366092e-06	0.000518665781527871
"ENSG00000169297"	138.66400306852	-7.18676940249293	1.28908440688294	-5.57509606362461	2.47393309783794e-08	8.75734256125432e-06
"ENSG00000169418"	709.364226143226	1.6267463046621	0.273428322648233	5.9494433089688	2.69056009793636e-09	1.41661757505742e-06
"ENSG00000169474"	333.455215867203	-4.58605521204881	0.975614121877306	-4.7006855571383	2.59289520577689e-06	0.000288212201882707
"ENSG00000169860"	757.27850408999	-1.50246320142197	0.363596831735209	-4.13222302914934	3.59271558181319e-05	0.00193909376731634
"ENSG00000169862"	235.408700228387	-3.60859035233433	0.651810838472468	-5.53625398557522	3.09009368848775e-08	1.04558773056492e-05
"ENSG00000170439"	500.209729116628	1.46864933039158	0.379996907697932	3.86489811006315	0.00011113558302801	0.00421271602947527
"ENSG00000170743"	20.4810721119091	-1.99989263294837	0.528720429824279	-3.78251438782692	0.000155252116328599	0.00519961411400126
"ENSG00000171401"	1575.71357283253	-4.18513553802201	0.752007662638074	-5.56528310275507	2.617271447523e-08	9.12436344485709e-06
"ENSG00000171557"	14480.7729885067	-2.61483793868503	0.641500249006323	-4.07612926532045	4.57915695026455e-05	0.00227563331033773
"ENSG00000171560"	3006.34589219282	-4.19243704137478	0.6588941036346	-6.36283891181967	1.98058382569419e-10	1.71613324962453e-07
"ENSG00000171658"	2614.14391610106	-5.01094899151846	0.670346903496151	-7.4751579598327	7.71111727559871e-14	3.54850194788501e-10
"ENSG00000171747"	239.754702183604	3.27044488911498	0.553866268008296	5.90475549427392	3.53170145981753e-09	1.65838609977432e-06
"ENSG00000171759"	137.857473266543	-2.8388003149776	0.64762267265145	-4.38341712675869	1.16832105224458e-05	0.000903955605984519
"ENSG00000171903"	1972.47921268443	-2.55566884992796	0.689195075700172	-3.70819371762282	0.00020874294398961	0.00629484455865916
"ENSG00000172296"	1174.91984009668	1.09445903331974	0.282024331086595	3.88072557109866	0.000104145302196523	0.00400046620741203
"ENSG00000172382"	50.193958282376	1.21544511649574	0.321096273766361	3.785298104643	0.000153524431945209	0.00517113616810529
"ENSG00000172828"	335.565734152183	1.72509599053428	0.405690990396109	4.25224131511998	2.11641622829613e-05	0.00134383906425823
"ENSG00000173253"	337.590567217827	-3.20592698417852	0.582675883739349	-5.50207598022479	3.75345121748841e-08	1.21638252201677e-05
"ENSG00000173404"	29.472536129678	-3.06571142073912	0.608815108733523	-5.03553768091681	4.76509377584591e-07	8.06176784473813e-05
"ENSG00000173805"	445.102725398194	-2.74068600777656	0.581838278237249	-4.71039137555509	2.47241546624295e-06	0.000280235504742778
"ENSG00000175147"	65.3488313931703	1.77971094245262	0.271010296235479	6.56694954831619	5.13564371706898e-11	6.56477923811334e-08
"ENSG00000175183"	914.43563503696	-1.19602651072657	0.245355850569332	-4.87466065288954	1.08995654143394e-06	0.000151046848757411
"ENSG00000175426"	445.405609230966	-3.14181819677711	0.506215684432654	-6.2064813347266	5.41840528976863e-10	3.77794203976626e-07
"ENSG00000175697"	119.56522903511	-1.66429398785144	0.387827230482641	-4.29132834685246	1.77607467154486e-05	0.00119141988680979
"ENSG00000175868"	26.5764656542272	-2.77809914287934	0.623867839699094	-4.45302508976786	8.46688564228097e-06	0.000729555178378353
"ENSG00000175920"	27.2522671855231	1.80260106857483	0.437215737658823	4.12290984361014	3.74116153206219e-05	0.00198799966954316
"ENSG00000176049"	522.375685724644	-1.45994193537798	0.392737637998093	-3.71734663074249	0.000201326130086553	0.00619083737939108
"ENSG00000176387"	201.984780827593	1.07264835891076	0.282981959934295	3.79051851630336	0.000150333124595798	0.00510179183454974
"ENSG00000176597"	5116.95212014446	-1.32287777915494	0.265819551071252	-4.97660075725711	6.47105991344105e-07	0.000102684563826459
"ENSG00000176697"	169.59295144869	-1.7087162068755	0.391821886191492	-4.36095140954025	1.29498124777263e-05	0.000970561027035849
"ENSG00000177294"	31.3712617698712	1.25215669783713	0.312911443705658	4.00163280386441	6.29068709293136e-05	0.00280071347363573
"ENSG00000177359"	182.924284208621	-2.05727800691881	0.46273552609869	-4.44590460616599	8.75227826169488e-06	0.000745383150808364
"ENSG00000177699"	40.3333617750227	1.88476258617827	0.38050439191287	4.95332675847236	7.29553116416677e-07	0.000112856396947288
"ENSG00000177791"	94.3280241521523	2.03377368202053	0.351573023030402	5.78478309993842	7.2605951142013e-09	3.13070858527802e-06
"ENSG00000178031"	355.18939851856	1.10415391026579	0.30804966701675	3.58433729521203	0.000337935146242333	0.00863949975543315
"ENSG00000178233"	15.484494944458	-3.71012908302747	0.733900956683345	-5.05535392649484	4.29593332745744e-07	7.37650223369166e-05
"ENSG00000178568"	338.352902098417	2.17405621892498	0.426103035885802	5.10218429776136	3.35755542203122e-07	6.13126926234256e-05
"ENSG00000178826"	193.404495165902	1.6693416538929	0.372211593521932	4.48492653895409	7.29390594512807e-06	0.000663341825657912
"ENSG00000178919"	1141.76351211049	-3.88725863874846	0.746348458675834	-5.20836962086745	1.9050714123294e-07	4.05868408576733e-05
"ENSG00000179023"	428.43013769889	1.5405277366483	0.417040414444792	3.6939531117127	0.000220794532313718	0.00654672860052362
"ENSG00000179059"	59.227537363848	-3.75815220942079	0.8437332535318	-4.45419472764581	8.42086482404994e-06	0.000729555178378353
"ENSG00000179242"	63.1494804959083	1.92064308979086	0.434383937348804	4.42153340547814	9.80029089586896e-06	0.000799147401230728
"ENSG00000179873"	23.9649060102943	-2.16025638887654	0.561721907818078	-3.84577556760733	0.000120171721707602	0.00442404983163236
"ENSG00000179915"	124.961759050754	-2.47825156512069	0.66746726580823	-3.71291850862499	0.000204882872144642	0.00621919525748821
"ENSG00000180071"	197.035372484557	-1.06492462956537	0.291562055531205	-3.65248018170662	0.00025971964621763	0.00726137058077038
"ENSG00000180336"	95.450923359783	-1.75532235308573	0.412275438502108	-4.25764474222191	2.06591901094709e-05	0.00132040918119116
"ENSG00000180347"	183.643095172418	2.63378137031989	0.684575517136331	3.84732042614866	0.000119416744788385	0.00441036899010585
"ENSG00000180509"	188.27255634558	1.10887753748429	0.267409934381174	4.14673276836328	3.37253300314276e-05	0.0018564261212754
"ENSG00000180525"	40.7610741125179	-2.16761575418435	0.531217620972209	-4.08046658960085	4.49453895059927e-05	0.00225304676937557
"ENSG00000180537"	210.292866286355	-1.71635497006411	0.414551355396992	-4.14027103691521	3.46895704243077e-05	0.00189140361585995
"ENSG00000180834"	186.453681131798	-1.08271322013828	0.297695266627164	-3.63698500283607	0.000275847985271657	0.00754695159704586
"ENSG00000181085"	284.185328747105	1.92875309333775	0.354116191100905	5.44666734198595	5.13223181510072e-08	1.57450029111537e-05
"ENSG00000181195"	140.803993564799	-2.40742497380289	0.545973677458079	-4.4094158257066	1.0364983543859e-05	0.000830968314845474
"ENSG00000181234"	47.8504577555634	2.30913560695364	0.560191290684517	4.12204838838539	3.75518294109277e-05	0.0019884661709927
"ENSG00000181433"	58.8480017859458	-4.79240058254492	0.956014937371048	-5.01289299487682	5.3617717320388e-07	8.87546804190509e-05
"ENSG00000181449"	2730.24307398694	-2.7085828693058	0.54816577366478	-4.94117473113558	7.76532774071777e-07	0.000117298158607363
"ENSG00000182040"	44.5530664134101	-2.73046469928179	0.756681659549527	-3.60847215579047	0.000308005563959273	0.00816268194658344
"ENSG00000182050"	25.5695151666954	-2.54870330900714	0.660897009643849	-3.85643038448701	0.000115054844351189	0.004325648551759
"ENSG00000182902"	45.5717357072244	1.27788336490031	0.335430410412521	3.80968250114454	0.000139145363962955	0.00486564692921526
"ENSG00000183091"	439.660739364879	-1.19853041700618	0.30644031302209	-3.91113820889416	9.18621836196297e-05	0.00368875564206642
"ENSG00000183379"	37.1537977161277	2.05003949316401	0.339659919644676	6.03556491242355	1.58407534751567e-09	9.11199741774699e-07
"ENSG00000183454"	183.111955335961	2.16650786048455	0.596586828897965	3.63150467885219	0.000281773547906402	0.00766350775860331
"ENSG00000183628"	372.556026744575	1.30803006475949	0.300971292122889	4.34602933566637	1.38624037769784e-05	0.00100936724210283
"ENSG00000183657"	24.1713929158438	-1.87663701160175	0.447007752812402	-4.19822027648217	2.69020887338902e-05	0.00160114779647984
"ENSG00000183760"	107.323949135567	-3.03275882343631	0.778793640966616	-3.89417512407027	9.85334487060212e-05	0.00386227618616157
"ENSG00000183798"	28.8477844947858	-2.0983932914034	0.582441128964461	-3.6027560332736	0.000314861017401008	0.0082489179564664
"ENSG00000183837"	112.368229133986	-1.53227006533682	0.419389566982272	-3.65357220581883	0.000258617017236245	0.00725673042632776
"ENSG00000184012"	4920.01412775424	1.46531094911439	0.396863490745644	3.69222915003166	0.000222297030809432	0.00658279585829373
"ENSG00000184106"	50.4298255110213	-2.03823390364968	0.44074592590702	-4.62450991340454	3.75485128161533e-06	0.000387423197931333
"ENSG00000184571"	3.80670527408449	-4.54546414087026	1.19450830948271	-3.80530139873092	0.000141631619135052	0.00492266151764111
"ENSG00000184956"	47.6907230719454	-4.23703046371711	0.807020820724362	-5.25021208240211	1.51924192575545e-07	3.36117667977953e-05
"ENSG00000185155"	94.5472272923393	-1.282055786511	0.315255972619893	-4.06671371158061	4.7680759131727e-05	0.00232927088505713
"ENSG00000185269"	61.8276138619501	-1.9485324566954	0.487059744328068	-4.00060255314988	6.31813982308778e-05	0.00280104198823558
"ENSG00000185518"	281.633316116353	-1.56054903884497	0.348109431222465	-4.48292662845918	7.36262496481673e-06	0.000665231191667072
"ENSG00000185985"	87.7951887888431	1.75822040729666	0.497487313777302	3.53420149339471	0.000409009146168499	0.00978263143886798
"ENSG00000186007"	189.100458460003	1.61701132475221	0.451480557863714	3.58157465828312	0.00034152950842575	0.00869275714531868
"ENSG00000186191"	18.5198258916704	-2.9771154311848	0.753272006550672	-3.95224488006317	7.74214518858331e-05	0.00323889124807479
"ENSG00000186474"	70.0052195183673	-3.16229737797732	0.781357226496387	-4.04718516798915	5.18372340669134e-05	0.00247457444429166
"ENSG00000186529"	1315.01735524646	-3.49450690479597	0.645694741285892	-5.41201078676389	6.23209339654688e-08	1.82056218393879e-05
"ENSG00000186732"	32.3471204444063	-3.68705221738063	1.01957264419937	-3.61627220812298	0.000298876085914275	0.00800377191309577
"ENSG00000186867"	19.3435397382942	-5.17347163178897	1.10529047332547	-4.68064437054599	2.85974641645072e-06	0.000311847892398648
"ENSG00000187054"	314.90286933792	-5.94674911132156	0.938311298141307	-6.33771449102385	2.33198442642462e-10	1.85022860922772e-07
"ENSG00000187134"	18493.2286202667	-2.39129289038672	0.617236821166142	-3.87419027573381	0.000106979804795212	0.0040888676553705
"ENSG00000187156"	4.25865347130765	-4.59048723818271	1.08835470339843	-4.21782275929781	2.46672588960647e-05	0.00149754342991966
"ENSG00000187244"	3731.23618389038	1.29124089033065	0.281684114273294	4.58400323235078	4.5615717959701e-06	0.000460338620409982
"ENSG00000187323"	195.293313408263	-1.65919077186191	0.396993571995235	-4.1793895138479	2.9229268176666e-05	0.00167535117173647
"ENSG00000187416"	98.0583914236403	2.15637606952127	0.508038361861611	4.2445142560094	2.19067440979537e-05	0.00138475899711488
"ENSG00000187533"	10.0390660761284	-22.0158951097209	2.9057518500507	-7.57666044653358	3.54563146402486e-14	2.0395358588937e-10
"ENSG00000187689"	161.56029468446	-3.39656480126084	0.856913862017765	-3.96371788555619	7.3791450705402e-05	0.00311798156049137
"ENSG00000187726"	119.328901180211	1.59294268651512	0.390361357825885	4.0806874312227	4.49027041721892e-05	0.00225304676937557
"ENSG00000187772"	50.3315534248239	-6.38081463710924	1.3701142519808	-4.6571405471364	3.20631564596003e-06	0.000338413379348139
"ENSG00000188175"	53.8020194994373	-2.63200012279414	0.637998399533729	-4.12540239084879	3.70087119795312e-05	0.00197571567038755
"ENSG00000188269"	16.0198973310225	-3.7451579133007	0.854491596229832	-4.38290783645503	1.17105662424581e-05	0.000903955605984519
"ENSG00000188373"	112.907325196467	-5.26780049823268	1.25923304345962	-4.18334042740803	2.87256742456679e-05	0.00166468877629926
"ENSG00000188385"	217.84720400279	-1.98059403225802	0.442567142458513	-4.47523966929761	7.63256463420283e-06	0.000680688680885166
"ENSG00000188488"	176.259915737404	1.9282799215065	0.507663360745226	3.79834368719435	0.000145666248157173	0.00501741722132993
"ENSG00000188508"	30.6900741150631	-4.12095199512554	0.769650317931979	-5.35431727774553	8.5880054400686e-08	2.18018948117331e-05
"ENSG00000188730"	20.7976425790211	-3.18132213740768	0.664180967136589	-4.78984236950205	1.66912381061133e-06	0.000209862676275169
"ENSG00000188803"	31.7986705456339	1.90064751052758	0.46712569557701	4.06881387284815	4.72530749356102e-05	0.00231822175094553
"ENSG00000188916"	60.2085517760308	-1.45827137191554	0.412566547329037	-3.53463309460357	0.000408341730364673	0.00977683129444409
"ENSG00000189045"	161.217921414987	1.47823515467723	0.338839571498952	4.36264025520349	1.28502151671601e-05	0.00096624379340257
"ENSG00000189056"	404.839847321944	-1.34355839410071	0.359584057301365	-3.73642370071675	0.000186656051590587	0.00584322325312627
"ENSG00000189398"	21.76001788195	2.07913770829279	0.349749658168395	5.94464543348243	2.77055894987109e-09	1.41661757505742e-06
"ENSG00000196092"	332.552312035029	-1.4113912379373	0.379737267281497	-3.71675724124029	0.000201796168218667	0.00619083737939108
"ENSG00000196104"	341.201021771679	-2.41868661237781	0.59186308388399	-4.08656440693283	4.37807988091019e-05	0.002218837885019
"ENSG00000196139"	6083.13287431752	-1.88965239707767	0.510749908962422	-3.69976061457644	0.000215802929455528	0.00643187772518424
"ENSG00000196344"	2234.63440753412	-4.80945514279178	0.866990416302606	-5.54729908469154	2.90116235407872e-08	9.96311113507421e-06
"ENSG00000196533"	288.432513493713	1.6148464720252	0.287240712851455	5.62192753246753	1.88838483120236e-08	7.12292566903854e-06
"ENSG00000196620"	20.715751264818	2.41709506345859	0.618869044784159	3.90566483140483	9.39666804584722e-05	0.00374700478893865
"ENSG00000197121"	2407.11326702046	-1.05429811212108	0.256658159927861	-4.10779112737896	3.99461101725809e-05	0.00207009020036242
"ENSG00000197124"	355.976639346374	1.1279780037246	0.235693621790905	4.78578077401382	1.70323891822705e-06	0.000211836887943168
"ENSG00000197168"	65.5339982044146	1.24978655005322	0.320538054874682	3.89902706105158	9.6579981585653e-05	0.00380515204846625
"ENSG00000197249"	47780.145478775	2.18356173368529	0.341527948776538	6.39350817848876	1.62122321313521e-10	1.53799267715162e-07
"ENSG00000197320"	201.679040938679	1.75130763311634	0.402952104569503	4.34619304194319	1.38520671196538e-05	0.00100936724210283
"ENSG00000197415"	1613.85566133889	1.42899297741555	0.341940688323676	4.17906679787369	2.92707710477665e-05	0.00167535117173647
"ENSG00000197558"	57.899783086385	1.47923981153903	0.370818469142575	3.98912118632979	6.63185360230033e-05	0.0028896130163219
"ENSG00000197641"	2014.06029899627	-6.02132740964878	0.928659543875582	-6.48389116265357	8.93867140546993e-11	1.02834945184229e-07
"ENSG00000197705"	62.2720941591109	-1.64921553896465	0.389129090680323	-4.23822216961803	2.25296763620958e-05	0.0014163533426652
"ENSG00000197977"	217.557045214394	-1.23179178338135	0.336515530614708	-3.66043071216134	0.000251791637174322	0.00713481992579306
"ENSG00000198074"	8642.02704627057	-3.10655334930857	0.768625663836058	-4.04169870389752	5.30653876454925e-05	0.00251230762208876
"ENSG00000198092"	56.4048831387672	-4.81990602693106	1.05881119579585	-4.55218649563694	5.30912399884003e-06	0.00051981971952898
"ENSG00000198203"	1290.46960171102	1.51669381988237	0.394117874828929	3.84832537864645	0.000118928024891829	0.00440646525722399
"ENSG00000198477"	278.811229696138	-1.30439424874477	0.308256643214177	-4.23152031743391	2.3211702242827e-05	0.00143569370135808
"ENSG00000198610"	27.3177440418654	-2.50278921414333	0.705085471116069	-3.54962528185654	0.000385779852030242	0.00943295283248017
"ENSG00000198681"	136.57538223007	-5.19970805314409	1.33749653739709	-3.88764225383586	0.000101222666178987	0.0039071543295355
"ENSG00000198788"	6.0440594502224	2.74503761647254	0.735970457377292	3.72982038743073	0.00019161631510426	0.00593391627756921
"ENSG00000198842"	12.4683100095903	1.80033272468529	0.47394279328335	3.79862875899655	0.000145498836420966	0.00501741722132993
"ENSG00000198848"	9581.54651659529	-2.04151536395225	0.454345318225154	-4.49331220563071	7.01238612588172e-06	0.00064539196948165
"ENSG00000203668"	4182.36199527707	-1.49325699865662	0.243092528076116	-6.14275152952893	8.11041012956844e-10	5.04357909922271e-07
"ENSG00000203685"	302.114419068834	-3.36027993021127	0.519437291618454	-6.46907718108063	9.86032261650858e-11	1.08036268134879e-07
"ENSG00000203799"	167.644471087095	-1.58627213151749	0.407758521602637	-3.89022435455886	0.000100151583454338	0.00390574200627265
"ENSG00000204529"	16.1262385696388	-3.3441374859236	0.913042389432229	-3.66263113808236	0.000249637881779688	0.00710002227672292
"ENSG00000204789"	1114.83254219196	1.08118472630469	0.237660286744891	4.54928646730641	5.38281239619493e-06	0.00052366826578469
"ENSG00000204818"	17.1941126659308	1.45961617964268	0.389312710929355	3.74921275022932	0.000177390552361849	0.00566886002679691
"ENSG00000205056"	36.8670144304602	-1.32236882843187	0.338561218249564	-3.90584850582949	9.38953259073132e-05	0.00374700478893865
"ENSG00000205683"	81.8091194098303	1.08457001668926	0.25437818213321	4.26361257712466	2.01148084556411e-05	0.00130333396737028
"ENSG00000205795"	230.090210069105	1.38768765622112	0.324471283199081	4.27676570493205	1.89628193629956e-05	0.00125325190556294
"ENSG00000205922"	6.15524103493354	-4.30518826993761	1.10750842722482	-3.88727359910524	0.000101376467240327	0.0039071543295355
"ENSG00000206532"	32.1317437897087	-1.70459377816981	0.42728225758335	-3.98938581679182	6.62445980462415e-05	0.0028896130163219
"ENSG00000211599"	291.797351865874	-1.846056779183	0.489215449946664	-3.77350465808933	0.000160970212528433	0.00530625160468011
"ENSG00000211611"	727.916462981074	-1.89646814020964	0.485646760938855	-3.90503611419827	9.42113147889259e-05	0.00374700478893865
"ENSG00000211632"	54.8229733292473	-1.84538921892518	0.460921664748742	-4.00369381623911	6.23610655941113e-05	0.00280071347363573
"ENSG00000211644"	513.772878639231	-1.50069197753665	0.395526280795974	-3.79416501608083	0.000148141131877754	0.0050795632457617
"ENSG00000211651"	1536.75624080121	-1.40585599097793	0.388725349566769	-3.61657914140341	0.00029852207524934	0.00800377191309577
"ENSG00000211658"	460.641577046812	-1.67927185631127	0.459798308877918	-3.6521923284349	0.000260011028119997	0.00726137058077038
"ENSG00000211659"	2040.62644757324	-1.71274125912447	0.466500677814395	-3.67146574609247	0.000241163404240159	0.00696445968316166
"ENSG00000211660"	2791.54682731267	-1.63716736876334	0.432718005303465	-3.78345099741158	0.00015466878699782	0.00518771737614117
"ENSG00000211662"	4454.61751216545	-1.71343594376729	0.42823711657208	-4.00113833542238	6.30384889798856e-05	0.00280071347363573
"ENSG00000211663"	5561.25893770776	-1.79364579179478	0.394871811280277	-4.54234954371473	5.56306989057987e-06	0.000531123133246275
"ENSG00000211664"	185.503061813353	-2.08183178192211	0.511836303917736	-4.06737811676741	4.75450620362464e-05	0.00232758368594041
"ENSG00000211672"	22.6937715118211	-2.84853614460763	0.577023478756388	-4.93660353430826	7.94948439751431e-07	0.000118772523702862
"ENSG00000211677"	35458.689917166	-1.6085479110468	0.428619695864338	-3.75285579866567	0.000174831433758361	0.00561829114433818
"ENSG00000211935"	167.59782184315	-2.6898390740431	0.502340572208143	-5.35461243398945	8.57399935163854e-08	2.18018948117331e-05
"ENSG00000211945"	1515.57185472449	-2.57688822445552	0.47263133451971	-5.45221621218611	4.9745920117901e-08	1.54676199458484e-05
"ENSG00000211953"	1482.05052407606	-2.11197745223764	0.437465005451917	-4.82776319458031	1.38075140638e-06	0.000181459304148267
"ENSG00000211962"	1310.32339810997	-1.5261132445355	0.42456603505676	-3.59452504091967	0.000324983889091658	0.00843967754414217
"ENSG00000211966"	4897.95300948685	-1.8440269435104	0.405687620580244	-4.54543557644905	5.48217638335816e-06	0.000528637800715852
"ENSG00000213462"	3564.21377498357	1.03790524404708	0.291017129548936	3.56647474894618	0.000361815655122816	0.00908844586104898
"ENSG00000213606"	246.339966998012	-3.25118889734604	0.805375543640607	-4.03686072046515	5.41712069962824e-05	0.00252824604823014
"ENSG00000213963"	254.405836024775	-1.25047569276165	0.276435905593446	-4.52356465806117	6.08067320469976e-06	0.000571062080681374
"ENSG00000213981"	15.9690342566355	2.17846086870244	0.446838591136282	4.87527467840849	1.08657156852694e-06	0.000151046848757411
"ENSG00000213988"	181.76138847149	1.98119363677577	0.329793234400367	6.00738108038508	1.88544001838916e-09	1.05809974105161e-06
"ENSG00000214128"	347.95717841041	3.80993149700617	0.627830870136871	6.06840421238857	1.29187428722858e-09	7.6217270448314e-07
"ENSG00000214456"	130.326873373194	1.34576556839662	0.307193974487912	4.38083321992236	1.1822634053019e-05	0.000906756623086382
"ENSG00000214514"	68.9347349691829	-2.49447585766176	0.698942676834974	-3.56892766794197	0.00035844536222956	0.00904327778458328
"ENSG00000214595"	375.517138071681	-1.15914308643528	0.293096677998549	-3.95481482202614	7.65939532935517e-05	0.00321596764841484
"ENSG00000214708"	53.2460680825724	1.21898120898426	0.34347169461944	3.54900047974802	0.000386696375912732	0.00944532581037796
"ENSG00000214814"	90.8583835541721	-2.08183518891227	0.588540081858803	-3.53728701422875	0.000404260093093151	0.00972982456721299
"ENSG00000215182"	58.7703414273458	-2.3642115903411	0.668072663740357	-3.53885395804781	0.000401868114629836	0.00971279774109023
"ENSG00000215262"	17.7222456154437	-4.76823550267475	1.17437260038367	-4.06024076269912	4.90221394346333e-05	0.00238467316332236
"ENSG00000215267"	61.8825564321893	-2.63710790353893	0.487520740273635	-5.40922197906652	6.32991328241571e-08	1.82056218393879e-05
"ENSG00000215481"	37.6235944810592	2.2630938196537	0.377860055336511	5.98923804644622	2.10826398312988e-09	1.15497728542465e-06
"ENSG00000216775"	1396.13187727154	-1.36193213718563	0.313861049679466	-4.33928370078582	1.42947885449431e-05	0.001021455868418
"ENSG00000218617"	16.640090275736	-3.05257947000276	0.826094679901917	-3.69519323180389	0.000219719621709938	0.00653169092496636
"ENSG00000220154"	35.4007907672352	-2.59759172820218	0.698883516427349	-3.71677349249974	0.000201783194029428	0.00619083737939108
"ENSG00000220377"	14.2318477101604	-4.4700507545887	1.16037148239803	-3.85225836932056	0.000117033441058443	0.00437146500862617
"ENSG00000223414"	249.051547223283	-4.68233978694191	0.850669804592429	-5.50429762719191	3.70642939916837e-08	1.21638252201677e-05
"ENSG00000223648"	191.546993994363	-2.37714872135652	0.568235050742458	-4.18338981069634	2.8719432223833e-05	0.00166468877629926
"ENSG00000223749"	122.671917650045	1.15320846753249	0.27241514603117	4.23327588180628	2.303116900113e-05	0.0014336986904985
"ENSG00000223756"	99.4174947315103	2.02115821984799	0.290696191290307	6.95281974929467	3.58056070200285e-12	6.33731701479874e-09
"ENSG00000223812"	21.6133908130123	-4.8940006419159	1.24393610832579	-3.9342861817097	8.34443134736197e-05	0.00341180779907802
"ENSG00000224034"	42.0930988339196	-3.0405466377147	0.492519080530431	-6.17345958341371	6.68116351666936e-10	4.52137915750133e-07
"ENSG00000224041"	248.139642247454	-2.11479026731867	0.464484036878821	-4.55298804568046	5.2889279611065e-06	0.00051981971952898
"ENSG00000224124"	15.6728912445587	1.84214597409859	0.386985004608486	4.76025156572227	1.93351804247209e-06	0.000232923123765656
"ENSG00000224251"	93.495703641289	-2.94240633044606	0.598694724919089	-4.91470228144021	8.89174767128941e-07	0.000128673095703584
"ENSG00000224930"	9.76462686053454	2.97316624699493	0.710579051039566	4.18414565226098	2.86240549922471e-05	0.00166468877629926
"ENSG00000224982"	70.9233936679125	1.86641715821432	0.355898430091717	5.24424105420564	1.56926925919302e-07	3.43243164316658e-05
"ENSG00000224984"	33.1547439043713	-4.05089664452615	0.925967885050448	-4.37477012964165	1.21560506981308e-05	0.000926154206997653
"ENSG00000225285"	21.1762114216304	1.37166357944775	0.364791109561822	3.76013434399582	0.000169822133270544	0.00549569263631779
"ENSG00000225826"	43.6573479015904	-3.82618638112651	0.69590217877049	-5.49816698071927	3.83759451980311e-08	1.22637794869653e-05
"ENSG00000226598"	228.812349001192	1.86318999303446	0.460406150971085	4.04683992406409	5.19137164115584e-05	0.00247457444429166
"ENSG00000226673"	56.9832338037756	-3.02331711681574	0.558734132164396	-5.41101204092217	6.26695575631106e-08	1.82056218393879e-05
"ENSG00000227630"	94.5692671356483	1.20627755952848	0.277958545436188	4.33977504679887	1.42628646399104e-05	0.001021455868418
"ENSG00000227640"	214.62300638284	-2.2015855419341	0.505857961142755	-4.35218126637885	1.34789745858828e-05	0.000999789589238388
"ENSG00000228203"	135.674481213555	1.42559059425877	0.337378530710557	4.22549292409424	2.38418316910516e-05	0.00145511062434856
"ENSG00000228295"	10.6400208415851	-6.70596406505577	1.76802589109725	-3.79291055567856	0.000148891798122614	0.0050795632457617
"ENSG00000228412"	34.3008863982392	1.5814684614736	0.423177779638811	3.73712547672849	0.000186136047691181	0.00583488327156181
"ENSG00000228477"	51.8365339339804	1.27924457367312	0.335015172530003	3.81846757569928	0.000134283229659169	0.00475367420679718
"ENSG00000228577"	15.5990276516683	-3.78964571468	0.807194655884205	-4.69483499061177	2.66822019614988e-06	0.000293746787048865
"ENSG00000228798"	10.6681457051294	1.32043189350507	0.359337824974422	3.67462538517635	0.000238198647261196	0.00689397820733694
"ENSG00000228835"	2.49737377372452	-3.66182540050763	0.96925008058194	-3.77799855152868	0.000158093798319458	0.00524147003679022
"ENSG00000228956"	64.6939485240348	-1.1594164557003	0.284764692359618	-4.07148950276503	4.6713467824219e-05	0.00230156355710376
"ENSG00000229155"	85.5491567833745	2.39330746931188	0.449289100836511	5.32687631383865	9.99161517723445e-08	2.41996919592618e-05
"ENSG00000229344"	50.0528710955121	-1.54778095638366	0.386520900551051	-4.00439136454725	6.2177355770248e-05	0.00279968449886034
"ENSG00000230453"	112.706802308922	-2.05528311415449	0.549368747720719	-3.74117225029941	0.00018316392744192	0.00576527880507678
"ENSG00000230570"	22.6902114286652	-3.3055063677589	0.834075271106672	-3.96307921151177	7.39892186547998e-05	0.00311798156049137
"ENSG00000230699"	18.7828012968598	1.83104842395924	0.444996568691887	4.1147472874719	3.87603828606288e-05	0.002022307594649
"ENSG00000230798"	20.2409033522279	-1.93968317763385	0.517682651852374	-3.74685759836313	0.000179063669305403	0.00567837260896846
"ENSG00000230943"	122.059900628015	-1.60476975497874	0.444911086968835	-3.60694485253668	0.000309823475559217	0.00819394063119772
"ENSG00000231322"	266.696311634236	2.99992958111073	0.617107526731892	4.86127530642496	1.16631914351392e-06	0.000158791935935573
"ENSG00000231453"	20.0951603442404	-3.34650290023074	0.756582997677337	-4.42318015406676	9.72585752683692e-06	0.000799147401230728
"ENSG00000231532"	12.2009870003411	-6.49534039265457	1.42790777378044	-4.54885148181378	5.39394928032385e-06	0.00052366826578469
"ENSG00000231971"	23.6955725811228	-2.07365392915502	0.473031781481204	-4.38375181190106	1.16652666654477e-05	0.000903955605984519
"ENSG00000231990"	12.6913691049526	-4.20731271418209	1.18877664609348	-3.53919529628045	0.000401348810243883	0.00971044666130546
"ENSG00000232079"	21.5934223254962	-3.87321006227436	0.786437607017974	-4.92500616413915	8.43576949601456e-07	0.000123629694480127
"ENSG00000232383"	8.78285316390674	-20.2767502701976	1.92419683238986	-10.537773438185	5.78523604389965e-26	6.65562480670436e-22
"ENSG00000232855"	75.5889306046329	-2.64203431433671	0.513796122909075	-5.14218421769652	2.71562642082e-07	5.29524138276673e-05
"ENSG00000232884"	16.1846654759273	-1.6750424850931	0.380992523392891	-4.3965232445408	1.09998586004086e-05	0.000869744833459801
"ENSG00000233056"	17.2826108376304	1.84973688994088	0.426257650454805	4.33948079985723	1.42819743786457e-05	0.001021455868418
"ENSG00000233455"	5.63057743638548	-3.80816800310536	1.01240422154214	-3.76150940708701	0.000168891068109113	0.00547325998045435
"ENSG00000234350"	67.6688655029992	1.77028426519256	0.387307947782631	4.57074086738364	4.86002952351849e-06	0.000484088395266827
"ENSG00000234742"	24.8725742988975	-1.04322598823612	0.225056496370137	-4.63539602305187	3.56254765678591e-06	0.000370907959434331
"ENSG00000234854"	73.6338733671765	-9.74371850829792	2.2603401450366	-4.31073107722031	1.62715692970735e-05	0.00112768836733845
"ENSG00000234899"	41.3173987250079	1.46972964899455	0.410124197472477	3.58362090813522	0.000338863796048549	0.00865362606357499
"ENSG00000234997"	10.0693171927008	1.67652344788058	0.415192419038722	4.03794330292004	5.3921880866094e-05	0.00252686060457832
"ENSG00000235123"	30.2262979302744	-7.80346506551684	1.88061596977953	-4.14941975975651	3.33319099851973e-05	0.00183917006438706
"ENSG00000235126"	11.2441984120975	-3.70116469820247	0.86200807256124	-4.29365433574815	1.75756039086388e-05	0.00118591516226941
"ENSG00000235277"	10.1164765670426	-3.45365262818155	0.88455010327048	-3.90441718949806	9.44527262194974e-05	0.00374700478893865
"ENSG00000235601"	19.5740132949241	-3.81052809888029	0.811305570548826	-4.69678532627673	2.64287960474936e-06	0.000292355850123452
"ENSG00000235621"	49.7878078299505	-1.60499387649836	0.36882685435697	-4.35161880849642	1.35136060781928e-05	0.000999789589238388
"ENSG00000236039"	541.863976746017	1.68376308778335	0.461603670970889	3.64763799265698	0.000264662175480382	0.00730912890182409
"ENSG00000236548"	40.8009390557735	-1.49271429089425	0.395425741889592	-3.77495477092898	0.000160036697771802	0.00528304788957157
"ENSG00000236714"	20.3507142740086	1.80935613331263	0.482410574025316	3.75065604017561	0.000176372505176097	0.00564416546814577
"ENSG00000237167"	18.5320716007175	-3.04899831632337	0.764415601676075	-3.98866573319288	6.6445972926456e-05	0.0028896130163219
"ENSG00000237223"	14.5407849028366	2.23382944925852	0.479796702419943	4.65578324734577	3.22751348767868e-06	0.0003390952412694
"ENSG00000237515"	64.9972849479426	-4.50972202971379	0.876732239666663	-5.14378487031388	2.69257854897946e-07	5.2951743447409e-05
"ENSG00000238755"	50.167871539524	-2.05230528338291	0.429828945140155	-4.77470237076219	1.7997322357028e-06	0.000220266164953648
"ENSG00000238840"	68.8839297011156	-2.99703109267435	0.636138580825144	-4.71128647595444	2.46157919634294e-06	0.000280235504742778
"ENSG00000239542"	10.9431458308896	-2.94534095580865	0.828210065902389	-3.5562728310957	0.000376153444752646	0.00930635979603616
"ENSG00000239819"	45.4325823245328	-2.18860578613137	0.506022093272943	-4.32511903181046	1.52449521282604e-05	0.00107269450617475
"ENSG00000239855"	720.295519921453	-1.75586017416586	0.472470721490873	-3.71633647186704	0.000202132362304282	0.0061926965827227
"ENSG00000239857"	156.280282650914	1.04036886156285	0.248067366753114	4.19389650150262	2.74203129498792e-05	0.0016135907433856
"ENSG00000240207"	95.1324840590743	-1.10887288669434	0.260252102078057	-4.26076438130654	2.03728925397002e-05	0.00130938515208369
"ENSG00000240583"	23150.04215902	1.72865501753307	0.382634487355905	4.51777107045024	6.24939971814605e-06	0.000584522106157815
"ENSG00000240834"	321.931293409935	-2.00770020961661	0.554350198054887	-3.6217182146976	0.000292652798395147	0.00788483400266269
"ENSG00000240891"	103.196834062657	-1.0433277465069	0.272148832475878	-3.83366607534272	0.000126247496585389	0.00458898680716147
"ENSG00000241155"	21.3794539156017	-1.24439965981916	0.282476216324439	-4.40532543238933	1.05625184384314e-05	0.000843864537325929
"ENSG00000241635"	186.603475030939	-3.04010561711328	0.832625990151322	-3.65122594426913	0.000260991502033861	0.00726137058077038
"ENSG00000241732"	657.442385327268	-1.40222994905032	0.346145857004126	-4.05098001514894	5.10035640489461e-05	0.00244487709417125
"ENSG00000241755"	2102.90759252746	-2.41044010111716	0.448409800888278	-5.3755294740262	7.6357959209592e-08	2.06696503935706e-05
"ENSG00000241794"	893.319937806533	-5.28473758555626	1.03309744057701	-5.11542994686406	3.13027108942155e-07	5.85564288589435e-05
"ENSG00000242076"	82.8236459614588	-2.85585317805881	0.592696903035777	-4.81840408382634	1.44711063490015e-06	0.000184980936657876
"ENSG00000242512"	327.102347402601	-5.77112376538753	0.845839748181585	-6.82295172081293	8.91886368429894e-12	1.36809423008023e-08
"ENSG00000242575"	18.2574997766111	-4.50331344937722	0.831057306960498	-5.41877607195056	6.00084213538422e-08	1.79316073627345e-05
"ENSG00000242808"	313.425501753342	-3.20965649648059	0.539764170079294	-5.94640525325917	2.74095065611258e-09	1.41661757505742e-06
"ENSG00000243004"	23.4715175031317	2.42064743078962	0.390015501596191	6.20654158843121	5.41632922097888e-10	3.77794203976626e-07
"ENSG00000243024"	17.4418339475476	-2.52190366081003	0.53419132190674	-4.72097459728167	2.34717254856922e-06	0.000270030465850146
"ENSG00000243056"	23.5811428852874	1.19410579029925	0.324908191735273	3.67520986135116	0.000237653982573233	0.00688687718517318
"ENSG00000243236"	21.5328961589236	-3.97211552188128	1.05543297815505	-3.76349384953343	0.000167555849774724	0.00544765523472616
"ENSG00000243238"	1298.18310794376	-1.49794168331502	0.415575588774787	-3.60449873326606	0.000312755974358413	0.00822423110172884
"ENSG00000243352"	34.8574338848795	1.83957131577052	0.508850720398176	3.61514928058086	0.000300174601323798	0.00802173914269369
"ENSG00000243491"	14.8922144884856	-2.33852945313751	0.532586450907219	-4.39089174941271	1.1288673379528e-05	0.000886488347404641
"ENSG00000243587"	50.1759045168679	-1.29987878979186	0.320851869366222	-4.05133618937457	5.09259737014112e-05	0.00244487709417125
"ENSG00000244122"	447.532284289944	-6.71667405365768	1.07426351255904	-6.25235240249171	4.04315792846398e-10	3.00093615406541e-07
"ENSG00000244128"	10.5602439953133	-3.00190164060075	0.813542755566526	-3.68991257074168	0.000224331136696033	0.006634492447608
"ENSG00000244437"	5775.11449441367	-1.63402803671488	0.427101345803582	-3.82585550893193	0.000130318714873897	0.00466330219367572
"ENSG00000246223"	128.49581447094	1.24475090961713	0.267149269677988	4.65938353908851	3.17157773655012e-06	0.000336511519511313
"ENSG00000246763"	37.9473179432471	1.062231747373	0.258980889942428	4.10158350915059	4.10332363352685e-05	0.00211689178214841
"ENSG00000246877"	18.7520468848705	2.09517135965207	0.327940443552524	6.38887761739731	1.67107727101528e-10	1.53799267715162e-07
"ENSG00000247844"	332.304669112351	-7.50201473448887	1.00856961761584	-7.43827159122928	1.02011167815568e-13	3.91195826711401e-10
"ENSG00000248571"	40.7918496063966	-1.55981298445675	0.37887231793273	-4.11698852259166	3.83855180925739e-05	0.00201646663422838
"ENSG00000248810"	88.2364938012893	-1.8856991592436	0.492133548725809	-3.83168179476058	0.000127270280100893	0.00461159350368732
"ENSG00000248874"	14.6521106954139	-3.00707371721883	0.766182653997181	-3.92474784117194	8.68206330049692e-05	0.00351699990283686
"ENSG00000249199"	13.129552447061	-3.88390595547978	0.978151031751634	-3.97066079716201	7.16735632263177e-05	0.0030643422217066
"ENSG00000249379"	34.3353760518334	-2.28428143041449	0.444959751059597	-5.13368102390128	2.84129483938969e-07	5.49372713945525e-05
"ENSG00000249464"	76.7311493664444	2.05318067644112	0.322812706822133	6.36028456454907	2.01380319613465e-10	1.71613324962453e-07
"ENSG00000249628"	97.2899251549106	-3.16170505880921	0.665068150257127	-4.75395650443769	1.99473969474201e-06	0.000237515357425147
"ENSG00000250669"	8.12976645602355	-3.48585986131509	0.885900328530047	-3.93482172774345	8.32584720891361e-05	0.00341180779907802
"ENSG00000251188"	13.4613622698881	1.30418005161361	0.34224277818268	3.81068684206823	0.000138581226648828	0.00485753918667171
"ENSG00000251629"	9.16607107443374	-4.90959894806552	1.15955932413126	-4.2340213612993	2.29549125803432e-05	0.0014336986904985
"ENSG00000253239"	5.67438145812901	-2.56432348193561	0.677501034465514	-3.78497352990557	0.000153724939762007	0.00517113616810529
"ENSG00000253497"	17.2012227082273	-2.31436611972707	0.542228829834068	-4.26824615805712	1.97015852507903e-05	0.00128417500010038
"ENSG00000253665"	97.550099152467	-3.86527600718184	0.768145710279815	-5.03195676999071	4.8549875740772e-07	8.1538984738644e-05
"ENSG00000253955"	19.5065300181783	1.01819014744093	0.265576318823384	3.8338890754716	0.000126133038229221	0.00458898680716147
"ENSG00000254024"	28.4097298117995	1.57397756433063	0.425731145682778	3.6971163145847	0.000218062445066515	0.00649081345218039
"ENSG00000254143"	82.3168988215076	-2.32316421070853	0.620390137675236	-3.74468269178816	0.000180621906555248	0.00570735505653635
"ENSG00000254166"	30.8101415180551	-5.26932938982161	0.941945718688251	-5.59409028065827	2.21781535915035e-08	8.23059896753071e-06
"ENSG00000254290"	26.2058534532138	3.21247470843148	0.658438487757704	4.87892911511216	1.06663386888848e-06	0.000149647431032043
"ENSG00000254761"	21.3350603589706	-3.10791702748226	0.874734871802732	-3.55298174071554	0.000380890901966387	0.00935611813104447
"ENSG00000255398"	290.059872104185	-1.42323598340501	0.351703253714238	-4.04669552634109	5.19457367374884e-05	0.00247457444429166
"ENSG00000255471"	47.2891141764159	1.12206379781559	0.246960019672868	4.54350384042695	5.5326796937973e-06	0.000530422612810759
"ENSG00000255559"	31.4022910391075	1.20226449540241	0.233415492189036	5.15074849628549	2.59448918247889e-07	5.14625875859111e-05
"ENSG00000255571"	169.586048300402	-2.10331219358434	0.430189329801203	-4.88927095090041	1.01210109478333e-06	0.000143749593147343
"ENSG00000255847"	46.902239600868	1.6851598476568	0.463490813984609	3.63579988386298	0.000277119403267049	0.00757273200685454
"ENSG00000256229"	932.833830770004	1.73205785018626	0.328565807006728	5.27157060549149	1.35261233883112e-07	3.08141161427378e-05
"ENSG00000256234"	27.1436574556806	1.83606501738146	0.37106774278551	4.94805881966077	7.49572600666887e-07	0.000114217986547976
"ENSG00000256393"	46.7957433244846	-1.47754459531134	0.329300029608434	-4.48692518208474	7.22584350705374e-06	0.000659759655769046
"ENSG00000256463"	7.56263687578904	-4.62692528672569	1.03975597826396	-4.45001075584204	8.58659889302068e-06	0.000734457449552092
"ENSG00000256673"	60.2417852003505	-1.07178959524886	0.300618953962528	-3.56527617810305	0.000363473238259805	0.00911019143694973
"ENSG00000256894"	32.193986669273	1.32960508105592	0.312709703654085	4.25188302607555	2.11980579677422e-05	0.00134383906425823
"ENSG00000256995"	23.4507838823409	-4.16386059918867	0.958480341426588	-4.34423161250364	1.39763997529476e-05	0.00101258100635791
"ENSG00000257443"	22.6152977525158	3.33810873192938	0.456850387181707	7.30678757332799	2.73604580469993e-13	8.99338256004868e-10
"ENSG00000257951"	19.2387160596258	-1.8612226183249	0.452052626689698	-4.1172697788625	3.83387194589407e-05	0.00201646663422838
"ENSG00000258072"	24.869243815186	-1.26677821422188	0.339400123149119	-3.73240351968083	0.000189661350619812	0.0058965531469049
"ENSG00000258077"	38.7934348882501	-1.96338388933664	0.545767825520883	-3.59747093457328	0.000321326389671132	0.00835412305078314
"ENSG00000258088"	22.1329895637003	-2.05542516747329	0.578168641874609	-3.55506165261564	0.00037789046945194	0.00931178707753821
"ENSG00000258168"	39.8227310910802	-1.70178771298159	0.428460708308938	-3.97186411724486	7.13123957346301e-05	0.00306124424152631
"ENSG00000258346"	17.5319695356763	-4.49208353928595	0.948058845003276	-4.73819063337828	2.15634912628514e-06	0.000250583015387347
"ENSG00000258525"	14.1634048220399	-2.31468457315712	0.468530178653035	-4.94031052559208	7.79982540176736e-07	0.000117298158607363
"ENSG00000258657"	20.0139779323363	-2.51965909529599	0.674872558624522	-3.73353318800128	0.00018881230102885	0.00589468417146922
"ENSG00000258732"	25.2975030787476	-1.63290639177087	0.446698085178485	-3.65550345065486	0.00025667775566893	0.00721992479240394
"ENSG00000258955"	74.2325676260268	-1.96642293865872	0.53025407079674	-3.70845420517762	0.000208528363320635	0.00629484455865916
"ENSG00000258998"	17.7660514220148	2.36326799462912	0.639638182578213	3.69469499945017	0.000220150887503466	0.00653606680073194
"ENSG00000259146"	20.2275228192423	1.09975312931752	0.253628975890335	4.33607053554101	1.45052414685718e-05	0.00103009599058756
"ENSG00000259207"	484.202841861093	1.20871985514448	0.318473007725443	3.79536044130473	0.000147429109117418	0.00507054764078127
"ENSG00000259261"	195.093038886883	-2.35499351312818	0.596576357014994	-3.94751398615851	7.89669062374478e-05	0.00327378296507646
"ENSG00000259370"	13.2168852356496	1.24880958184304	0.341103910259057	3.66108257420623	0.000251151791190233	0.00712546431997048
"ENSG00000259796"	40.7921062683851	1.97856809652373	0.530080109049965	3.73258317515407	0.00018952608348107	0.0058965531469049
"ENSG00000260019"	18.2400091186927	-6.39023938240993	1.47737334317877	-4.32540590495592	1.5225124895334e-05	0.00107269450617475
"ENSG00000260139"	16.9004415788319	1.84307703357501	0.378965305605188	4.8634452978003	1.15359917621451e-06	0.000157995020509046
"ENSG00000260228"	32.6284003093864	1.02421922712739	0.266523285667556	3.84288834111452	0.000121594798061755	0.00446519883702024
"ENSG00000260230"	82.5255424661305	-2.93774474107428	0.672187312741011	-4.37042575096351	1.24004515791937e-05	0.000938559178900225
"ENSG00000260655"	93.2906300768517	-1.10776462470304	0.307703988082393	-3.6000983659868	0.000318096820952839	0.00829828770215858
"ENSG00000261026"	26.2571992358719	1.99157359483584	0.41280704525889	4.82446609792437	1.40378791509373e-06	0.000181459304148267
"ENSG00000261231"	18.4282238793417	2.55073452334681	0.607726870348954	4.19717252568114	2.70268046151218e-05	0.00160114779647984
"ENSG00000261634"	16.2799673947841	1.87632648486589	0.415693488718738	4.51372594420268	6.36985190645635e-06	0.000593376204516819
"ENSG00000261649"	9.19004829614798	-2.07146765289158	0.581550307014534	-3.56197499667008	0.000368075445345203	0.00917556654598893
"ENSG00000263470"	105.303643918531	-1.07055562986878	0.272075113714334	-3.9347796836458	8.32730477728635e-05	0.00341180779907802
"ENSG00000264175"	23.8235259924681	1.84035920457152	0.461060165399923	3.99158145222803	6.56341373684614e-05	0.00288752555776468
"ENSG00000266010"	68.6403526156862	1.7085477066115	0.342196043982935	4.99289146281512	5.94819882317152e-07	9.70653239165628e-05
"ENSG00000266670"	9.94777073534713	-3.91994050193705	1.10097502174687	-3.56042637163324	0.000370253119490736	0.00919995035244314
"ENSG00000266968"	90.6674778365328	-3.64242846816975	0.688785499640842	-5.28818982116935	1.23532748226638e-07	2.93027319994508e-05
"ENSG00000267056"	477.314131694674	-3.46896779442765	0.645808301568975	-5.37151316574884	7.80786664529646e-08	2.08896748420496e-05
"ENSG00000267279"	16.8709292554332	1.16571691813812	0.305099953569568	3.82077055240297	0.000133035376580782	0.00473108343083032
"ENSG00000267336"	10.7576071415639	-1.66131490383362	0.400734784501364	-4.14567182107937	3.38818815899915e-05	0.00186059239499789
"ENSG00000267385"	19.3155917351921	1.3380421288474	0.356602494153618	3.75219509337193	0.000175292964398432	0.00562526613367298
"ENSG00000267710"	72.5602768319479	-2.19836751582607	0.502133082288846	-4.37805751775081	1.19741753116406e-05	0.000915328238357271
"ENSG00000268164"	64.0369337407397	-1.14231820802768	0.258737578171252	-4.41496830920946	1.01024788892334e-05	0.000812755023644658
"ENSG00000268416"	314.051490509001	1.87224386656193	0.464047808746535	4.03459262445211	5.46971108000182e-05	0.00254002902778589
"ENSG00000268941"	12.256736044034	1.36164343498511	0.37797070902728	3.60251046566371	0.000315158707526263	0.0082489179564664
"ENSG00000269113"	79.3366474002537	1.1888946597489	0.294493722903102	4.03707979928688	5.41206636606835e-05	0.00252824604823014
"ENSG00000269985"	20.6458793390713	2.19542389515335	0.515003271499695	4.26293193975302	2.01761985660239e-05	0.00130333396737028
"ENSG00000269994"	183.202429174831	-2.05765769237484	0.544547462195337	-3.77865628843336	0.000157676880081804	0.00523519095786758
"ENSG00000270348"	107.045804691218	-1.85741145307767	0.500425592336344	-3.71166359499312	0.000205901523028899	0.00623696988399716
"ENSG00000271288"	15.0638224871556	-1.70355330425643	0.385651554249837	-4.41733810089304	9.99238637799156e-06	0.000809559218912704
"ENSG00000271615"	37.2575278204335	-2.00269979322055	0.504421075827209	-3.97029364789385	7.1784104372196e-05	0.0030643422217066
"ENSG00000271996"	22.08158439388	-5.27109398705572	0.80479131116538	-6.54964077510093	5.76756498962006e-11	6.9845212024299e-08
