"baseMean"	"log2FoldChange"	"lfcSE"	"stat"	"pvalue"	"padj"
"ENSG00000001084"	9572.09912555453	1.66751624337839	0.351075831681528	4.74973237374839	2.03686025330102e-06	0.000240339064452324
"ENSG00000002745"	30.7031935914461	1.77831411207414	0.396797340807077	4.48166842161061	7.4061750859348e-06	0.000665231191329701
"ENSG00000003096"	570.002510876959	1.5366643484009	0.381774866469754	4.02505372501425	5.6962309335048e-05	0.00262129155098024
"ENSG00000003987"	274.919767253884	1.58028102162523	0.416635700066935	3.79295634380672	0.000148864335752796	0.00507956324553102
"ENSG00000005187"	798.626487822419	-1.22641130041259	0.309203190944458	-3.966360426833	7.29784786045942e-05	0.00310381111684493
"ENSG00000006606"	51.7551069212682	2.09679136298635	0.435513067421549	4.81453145688691	1.47545661593636e-06	0.000187562327492153
"ENSG00000007314"	47.5856420468757	2.09877314455788	0.515337697601424	4.07261714857338	4.64878047665748e-05	0.00229919267931351
"ENSG00000007350"	29.1441136236639	2.30104450937216	0.4893646692304	4.70210592233987	2.57491854934792e-06	0.000288212201882707
"ENSG00000007372"	229.313231991196	1.55322277372283	0.350868585570724	4.42679349932781	9.56442147289347e-06	0.000793257396303665
"ENSG00000007952"	42.442945742092	-1.79482093887824	0.39075352547458	-4.59323031493671	4.36436925623069e-06	0.000444335275294743
"ENSG00000009694"	675.283643447242	2.17319260809552	0.454402234806329	4.78253063394761	1.73101996540291e-06	0.000212989510074628
"ENSG00000010379"	27.9341442030638	-1.69462149605497	0.379288689691812	-4.46789356527324	7.89935895232988e-06	0.000699062885131377
"ENSG00000013297"	409.20958463776	1.35383656328678	0.370120781750093	3.65782368902726	0.000254365918783641	0.00718123365066599
"ENSG00000016490"	2.21656039427082	3.81757970032689	1.03754188159218	3.67944636072767	0.000233740844679293	0.00681640442994404
"ENSG00000019102"	635.521278925081	-1.48787537714466	0.380480914223328	-3.91051251593486	9.21004874415599e-05	0.00369188173439521
"ENSG00000019505"	500.949085412735	2.5681664551884	0.663830841551866	3.86870614384937	0.000109414410086401	0.00416118373831075
"ENSG00000021826"	2911.70077614124	3.78034741900234	0.588831279444919	6.42008594136848	1.36197433010511e-10	1.42443942551766e-07
"ENSG00000023909"	6554.46927183588	1.50492856222658	0.317155607196662	4.74507947543052	2.08424486114192e-06	0.000244110193650975
"ENSG00000025423"	1349.59639425865	-1.20172328895356	0.326576892007246	-3.67975603407635	0.000233457192286775	0.00681640442994404
"ENSG00000039537"	221.04479737586	-2.01828228805529	0.455453575304669	-4.43136775620915	9.36372331298116e-06	0.000780615614885447
"ENSG00000041515"	102.327685841548	1.31528446866555	0.295885622255543	4.44524630375448	8.77912268550248e-06	0.000745383150814489
"ENSG00000047936"	7751.50328449047	-1.4669921486096	0.379762829602346	-3.86291662653164	0.000112041255047636	0.00423309891197217
"ENSG00000049192"	302.352314130436	-1.00172675850468	0.239547218201353	-4.18175074637133	2.89272994478251e-05	0.00166468877636169
"ENSG00000049283"	358.897977048132	-1.2712333814581	0.296510477236357	-4.2873135320772	1.80846953741669e-05	0.0012046365548366
"ENSG00000051341"	978.029535687909	1.01758439824798	0.277584770890769	3.66585095782653	0.000246517474775379	0.00702865003358947
"ENSG00000058335"	852.884155472909	-1.86376952752998	0.370554831559333	-5.02967271992391	4.91317744471456e-07	8.19183332068387e-05
"ENSG00000063438"	140.105432598046	1.81616476216223	0.295276377351694	6.15072827176776	7.71279621273341e-10	4.92954800163286e-07
"ENSG00000064218"	84.3605701711883	2.41960453991365	0.63663247718248	3.80063007564741	0.000144328630652632	0.00499377062058107
"ENSG00000065833"	4187.92107026641	1.16767333699163	0.305688307026809	3.81981682043606	0.000133550818790143	0.00474208455176296
"ENSG00000067715"	965.164878749563	2.11012003620601	0.41526420359517	5.08139160066663	3.74679803571552e-07	6.78819496092743e-05
"ENSG00000069535"	1790.75649730819	-1.34761479707071	0.267547788558464	-5.03691248704241	4.73100945803054e-07	8.06176784429122e-05
"ENSG00000070087"	7486.56909770644	1.09454253813063	0.303345662054476	3.60823534023068	0.000308286783930396	0.00816268194643783
"ENSG00000070193"	78.2679810847775	-1.85803377005118	0.388458570944836	-4.7830937686146	1.72617550080113e-06	0.000212989510074628
"ENSG00000072274"	28172.1379270789	1.1525241420725	0.298395702604836	3.86240194483895	0.000112277635912522	0.00423507561428068
"ENSG00000074047"	429.836259310224	1.24554753061704	0.320287620921956	3.88884068335734	0.000100724207268992	0.00390715432935863
"ENSG00000074803"	11.3097731889802	-1.84270353667725	0.488920246335559	-3.76892458532501	0.000163952410213376	0.00537376211766321
"ENSG00000075651"	2784.15973346071	1.09536455708146	0.261923058593543	4.1820088806357	2.88944680785424e-05	0.00166468877636169
"ENSG00000076864"	2261.31362582002	-1.49309310569519	0.352959857472868	-4.23020656339074	2.33476820524092e-05	0.00144023275159218
"ENSG00000078018"	3140.12330307023	1.16896639991353	0.328882574361252	3.55435797163734	0.000378903101633167	0.00932425825184763
"ENSG00000079337"	720.446860667001	-1.21049305063047	0.230885234684113	-5.24283439903214	1.58128451556091e-07	3.43243164325859e-05
"ENSG00000080709"	90.0449990427232	-1.05295934115424	0.260665492984639	-4.03950415184523	5.35643198783846e-05	0.00252553572967572
"ENSG00000081985"	394.711954391251	1.92329139927892	0.397622474240723	4.83697860125117	1.31827613819579e-06	0.000175330726380041
"ENSG00000082293"	54.1545560129818	2.05261522803304	0.488209666722956	4.20437235872642	2.61807630906319e-05	0.00156465760507104
"ENSG00000087494"	3124.45882835856	2.51255670041074	0.601943534999613	4.17407373668753	2.99200846924137e-05	0.00170458588355503
"ENSG00000088926"	139.611872338947	-1.72598121347412	0.48808291345902	-3.53624592437005	0.000405856689347827	0.00975794834399598
"ENSG00000089116"	13.9109606400185	3.19176242950955	0.805059412328349	3.96462966662114	7.35099802540756e-05	0.00311798156016471
"ENSG00000089250"	253.426610750415	3.19273576568194	0.555244042999491	5.75014861651539	8.91650355613961e-09	3.66356839862886e-06
"ENSG00000090512"	36.6401124388912	3.69474458384869	0.898766727077406	4.11090494622914	3.94111432710524e-05	0.00204697741653193
"ENSG00000090932"	32.186793753719	3.44069439488263	0.678845122317306	5.06845270263927	4.01062611442678e-07	6.99094668688226e-05
"ENSG00000091583"	288.328949608421	-2.69072231974515	0.623449664766026	-4.31586136268908	1.58981739853382e-05	0.00110513923029802
"ENSG00000095627"	70.9769830577872	2.10666132407939	0.593977008338899	3.54670516619966	0.000390080875624421	0.00950780812207871
"ENSG00000096088"	10593.3735912279	3.80075738338754	0.700250769932775	5.42770896739239	5.70820168609755e-08	1.72815806046603e-05
"ENSG00000099399"	19.5134280543276	5.20820495242025	1.16229313967866	4.48097366715954	7.43032796608863e-06	0.000665231191329701
"ENSG00000100031"	597.679804480334	-1.14568127119947	0.257326449859817	-4.45224838652847	8.4975786781657e-06	0.000729555178380278
"ENSG00000100033"	2507.46667534605	-2.30254698696901	0.445857642083803	-5.16430979226375	2.41327731713931e-07	4.89276781685855e-05
"ENSG00000100095"	52.6432031317575	2.46953263056955	0.594567141126074	4.15349665286313	3.27433004508882e-05	0.001824315673277
"ENSG00000100473"	360.077704741918	2.09092102948872	0.431345611687705	4.84743781513778	1.25066216574449e-06	0.000168283542524065
"ENSG00000101977"	31.3355081530203	-1.80664968046619	0.402564048576612	-4.48785649601387	7.19433609684787e-06	0.00065949991734013
"ENSG00000102010"	139.90603776253	-1.65443354487086	0.373769673920746	-4.42634504698118	9.58431727464987e-06	0.000793257396303665
"ENSG00000102195"	22.1161186082417	4.9147584940699	1.09647519952147	4.48232526938579	7.3834090743726e-06	0.000665231191329701
"ENSG00000102996"	1465.63332081016	-1.10326454367562	0.304082148369266	-3.62817925877009	0.000285427060955287	0.0077354431631569
"ENSG00000103222"	8920.71806825932	1.12785270901505	0.273631470324435	4.12179457164702	3.75932367496806e-05	0.00198846617097334
"ENSG00000103740"	30.1775024246242	-1.28716546314661	0.271295334276966	-4.74451750737644	2.0900390346926e-06	0.000244110193650975
"ENSG00000103811"	20160.4018666171	-1.40221281947994	0.274037590279514	-5.1168630480574	3.10659016792819e-07	5.85564288589435e-05
"ENSG00000104112"	52.6548759291871	2.29778333153194	0.466420237721101	4.92642288156011	8.37486439183867e-07	0.000123523881276805
"ENSG00000104267"	1995.2488957527	-1.21487980604598	0.299454499610591	-4.05697629398055	4.97121255754635e-05	0.00240805536287545
"ENSG00000104321"	141.00561260628	1.68575389979452	0.441551669611363	3.81779532456134	0.000134649558823253	0.00475367420669693
"ENSG00000104327"	240.210441388984	4.52612571865248	0.6302563635957	7.18140423498513	6.89990077061231e-13	1.44327106210017e-09
"ENSG00000104722"	24.9122844319224	2.13868472408795	0.560202953940755	3.8176962635476	0.000134703619573488	0.00475367420669693
"ENSG00000104725"	282.464016173321	3.76953930326673	0.714960051268502	5.27237752176323	1.34667705771446e-07	3.08141161412278e-05
"ENSG00000104760"	810.811309883339	3.0524000115935	0.762714580036027	4.00202132159231	6.28036374821259e-05	0.00280071347399784
"ENSG00000104833"	37.0278984738726	2.30696954232433	0.580589986889096	3.9734917832212	7.08266026112385e-05	0.00305177771438574
"ENSG00000105143"	66.8152440864924	4.2382206594831	1.0211353553101	4.15049840106263	3.31752085972887e-05	0.00183492397743994
"ENSG00000105609"	702.699588681601	1.02435393788741	0.250318006062716	4.09221036073116	4.27280766215946e-05	0.00217506706855369
"ENSG00000105889"	163.316670195397	1.81206617628089	0.413254166390941	4.38487091880077	1.16054575525903e-05	0.000903955606154429
"ENSG00000105991"	133.227934114375	1.28928850547565	0.3399709156212	3.79234942236117	0.000149228736987759	0.00507956324553102
"ENSG00000106258"	582.575629915757	-2.31539136039456	0.414337859083778	-5.58817233239214	2.29471865371071e-08	8.24987210987963e-06
"ENSG00000107295"	71.4917505823909	2.0719650774848	0.576501213156619	3.59403420183594	0.00032559706839223	0.00844606871097724
"ENSG00000107518"	128.73310299107	2.74956833485605	0.561899918278422	4.89334175965058	9.9138029961215e-07	0.000141681175861962
"ENSG00000107807"	20.704017256045	3.74522784379443	0.987982979353871	3.79078174630474	0.000150173874175144	0.00510179183454255
"ENSG00000108448"	1049.3189528406	1.48318734235341	0.404565643443294	3.66612283171125	0.000246255677012571	0.00702865003358947
"ENSG00000108602"	2215.52849930984	3.02711387144794	0.66192530366214	4.57319557765848	4.80341382938085e-06	0.000480529342609669
"ENSG00000109101"	107.702337402574	2.19223614480437	0.575661094219116	3.80820619426805	0.000139978532148761	0.00488735363613177
"ENSG00000109906"	231.37692354625	-1.92861329535307	0.448136661131207	-4.30362758200762	1.68024016038955e-05	0.00115503361480086
"ENSG00000110195"	3597.91193678043	-1.68824453579179	0.44931561137583	-3.75736896971439	0.000171709225403551	0.00554255432830743
"ENSG00000110347"	6435.05335023312	1.52317032203288	0.420802661413788	3.61967844242102	0.000294969341433924	0.00793795272169959
"ENSG00000110680"	537.827074395418	6.92156730691608	0.840454005112598	8.23550993250223	1.7879441225438e-16	1.37129354385368e-12
"ENSG00000111215"	144.924055227757	-1.21996303671701	0.260700262971299	-4.6795619721002	2.87488454666417e-06	0.000312019898746207
"ENSG00000111291"	86.4054953076657	1.34976805889231	0.312512003357984	4.31909188891585	1.56672543591169e-05	0.00109238744105733
"ENSG00000111432"	490.457799051507	2.19514903599589	0.536491660523186	4.09167410702188	4.28270227831557e-05	0.00217529131836121
"ENSG00000112238"	14.002736273292	4.0980292231018	0.998230500486128	4.10529353802163	4.03801795482095e-05	0.00208788213758371
"ENSG00000112290"	1208.28301087081	1.31349128432478	0.27785970913681	4.7271743298272	2.27665795218441e-06	0.000263234285536739
"ENSG00000113249"	177.235906394733	2.46758606657338	0.568939386574515	4.33716864186586	1.44329885627756e-05	0.00102813818526595
"ENSG00000113262"	11.9446378363869	-1.43341502133851	0.339304347722155	-4.2245701564434	2.39397267655102e-05	0.00145722003478207
"ENSG00000113396"	36.7420425101961	-1.89508394823972	0.482776631627131	-3.92538458593698	8.65912803787314e-05	0.00351389553833198
"ENSG00000114346"	5866.36316717042	1.08317750594595	0.218442168942568	4.95864654333631	7.09859825601391e-07	0.000111109964131037
"ENSG00000114638"	1618.71389174921	7.11893069851165	0.982924492013949	7.24260180344619	4.40157808502819e-13	1.12528789064904e-09
"ENSG00000114770"	10015.2687247485	1.11952579635255	0.301495702483804	3.71323964862381	0.000204622954970131	0.00621919525702139
"ENSG00000114948"	2074.21133793304	3.0114001382722	0.562059299776983	5.35779790400599	8.42423934725082e-08	2.18018948120593e-05
"ENSG00000115138"	14.2911240537179	2.36034684202542	0.588128206562468	4.01332025175485	5.98705972100243e-05	0.00272245567431907
"ENSG00000115290"	528.298910213672	-1.47065389375281	0.377805088358246	-3.89262595732508	9.91649840690014e-05	0.00387383211959873
"ENSG00000115665"	56.9190585029891	2.73777561195207	0.746255192535956	3.66868551044642	0.000243800758057744	0.00700326047709192
"ENSG00000115705"	28.3451515096242	-1.62238630326239	0.426605594584538	-3.80301225266958	0.000142947282685587	0.00496089596879738
"ENSG00000117394"	19225.0005935528	1.50129104023768	0.384494573731653	3.90458316658967	9.43879296346502e-05	0.00374700478884006
"ENSG00000117407"	235.451497031251	2.11666147967062	0.443805193973223	4.7693481473728	1.84823003120139e-06	0.000225004893057739
"ENSG00000117480"	774.27556725183	-1.02461543226606	0.253898636310297	-4.03552948198528	5.44792978082791e-05	0.002537478063301
"ENSG00000117707"	897.639399832693	1.35785571332724	0.374508551197262	3.62570015821088	0.000288179581437947	0.007791685063814
"ENSG00000117834"	132.827070401387	-1.48119628599953	0.36714667132483	-4.03434485911233	5.47548523512013e-05	0.00254002902771933
"ENSG00000118004"	70.1813941790101	1.45627693723167	0.396734001958864	3.67066329087332	0.000241921858856398	0.00697541359702614
"ENSG00000118307"	121.383949785195	-1.37092080734539	0.345202376852737	-3.97135390504632	7.14653213658285e-05	0.00306209605084981
"ENSG00000118322"	939.997304833405	-1.65514760802484	0.400674148882622	-4.1309069043776	3.61334900765835e-05	0.0019410014495193
"ENSG00000119125"	621.903843965046	3.53027165465627	0.660150146486135	5.34767987774796	8.90888554407437e-08	2.22809290743051e-05
"ENSG00000119866"	850.918102431407	1.41464395468104	0.361065245386835	3.91797319945716	8.92966314740781e-05	0.00359200383494242
"ENSG00000119943"	557.207706675039	-1.01677151049007	0.235247691066788	-4.322131732215	1.54528875161701e-05	0.0010813971682583
"ENSG00000120211"	26.1431805424438	4.40620662216291	1.14434712007538	3.85041089793863	0.000117919824669066	0.00439431503115622
"ENSG00000120251"	35.4138400786973	2.36173155412506	0.622764262832809	3.79233635434071	0.000149236592375982	0.00507956324553102
"ENSG00000120332"	55.3199006529841	-1.10635186305358	0.295371872493	-3.7456236225736	0.000179946207424498	0.00569516132961522
"ENSG00000122254"	717.532635518243	1.33607093019985	0.344759154152653	3.87537477716478	0.000106460717450301	0.00407579808288517
"ENSG00000122574"	264.245554733185	1.62070000304866	0.333739510551277	4.85618259693483	1.19670356810359e-06	0.000161970308226444
"ENSG00000122733"	95.8390430255428	2.20435397242588	0.430144007567661	5.12468832215252	2.98030335586955e-07	5.66725619133904e-05
"ENSG00000123838"	14769.0235701404	-1.9021013223092	0.496549811091475	-3.83063547668693	0.000127812737192425	0.00461670843023627
"ENSG00000124469"	40.7598866363198	-3.28915163763294	0.752143128180016	-4.37303953782281	1.22528522632203e-05	0.000930448441334774
"ENSG00000124479"	41.9815351541504	-3.07933863006625	0.528698332529989	-5.82437742016442	5.73258950196601e-09	2.53656061251415e-06
"ENSG00000124593"	993.566212338121	-1.29412928813721	0.241731098876316	-5.35359039094661	8.62259301967664e-08	2.18018948120593e-05
"ENSG00000124713"	29.2267562674726	-1.37826488742567	0.27826941294455	-4.95298736875658	7.30827204433831e-07	0.00011285639695851
"ENSG00000124939"	56.8733263837453	-2.75883177723011	0.58042042637771	-4.75316107402946	2.00260677719753e-06	0.000237515357404835
"ENSG00000125046"	16.0949893609118	-1.59824518585159	0.367392718188718	-4.3502364274695	1.3599082661484e-05	0.00100288875948104
"ENSG00000125255"	27.5411778818923	-3.17474685083167	0.892057945282713	-3.55890205072444	0.000372408375282292	0.00923125322380644
"ENSG00000125285"	360.667441384824	3.22961961216715	0.56438667311034	5.72235271674415	1.05058910147831e-08	4.24087800630077e-06
"ENSG00000125851"	595.77272923917	4.86459308984853	0.694812478186209	7.00130357840929	2.53591777559576e-12	4.86241100822357e-09
"ENSG00000128040"	26.7832833521192	1.82340930765717	0.458947558355126	3.97302322337717	7.09661271229135e-05	0.00305207405415162
"ENSG00000129151"	129.176258475814	-2.48189459469554	0.466278950969335	-5.32276781856868	1.02200156296194e-07	2.44950353772826e-05
"ENSG00000129270"	701.089092276441	-1.52852475708204	0.398456473169449	-3.83611475783959	0.000124996018625754	0.00455789761103008
"ENSG00000129521"	5386.29791612736	1.22215590911189	0.327833921076905	3.72797270367024	0.000193026278680467	0.0059695452233318
"ENSG00000130226"	39.2880455553851	-2.46758158116432	0.416615738566591	-5.92291973811236	3.16275230418406e-09	1.54833548440364e-06
"ENSG00000130513"	1068.07185183886	-1.53566781720319	0.406068475023509	-3.78179521844015	0.000155701426588983	0.00519961411376767
"ENSG00000130590"	273.932360729297	-1.08464401026655	0.244551561892536	-4.43523648703243	9.19712701834964e-06	0.000772323706442361
"ENSG00000130821"	4450.40080494988	1.45359206928138	0.397368218293695	3.65804813360043	0.000254143325743253	0.00718123365066599
"ENSG00000130822"	306.881375260338	2.1512532604804	0.565307226492448	3.80545862438067	0.000141541675116829	0.00492266151755929
"ENSG00000131668"	128.445135017842	2.83180318374105	0.76919094792309	3.68153472344841	0.000231834207096647	0.00679525257463282
"ENSG00000132185"	378.77877451414	1.65660367767907	0.35797280824694	4.62773607244574	3.69684720131417e-06	0.000383156564211881
"ENSG00000132329"	290.516964486	-1.47075654079173	0.384385933749441	-3.82624964042112	0.00013011034610339	0.00466309805840015
"ENSG00000132872"	77.8991172906849	3.75890861712798	0.887052577198625	4.23752629071761	2.25995963056961e-05	0.00141687768773232
"ENSG00000132874"	87.7145275132291	3.05543956873862	0.612172008957227	4.991145501643	6.00222605929599e-07	9.72571967593953e-05
"ENSG00000133048"	8693.0232832226	-1.26351648589455	0.32825992372007	-3.84913416044062	0.000118536075377668	0.00439902670703995
"ENSG00000133067"	289.878759812939	-1.46071064956018	0.3807067895447	-3.83683897864571	0.00012462812892296	0.00455538223787278
"ENSG00000133519"	63.0187289674674	-1.33936109719748	0.379151622779663	-3.53252107264703	0.000411617419664167	0.00980325826891014
"ENSG00000133636"	6253.62531910755	6.01206307758382	0.825730917628448	7.28089859448505	3.31603880855626e-13	9.53734211825887e-10
"ENSG00000133863"	132.663207047016	4.2093117130355	0.78424576910088	5.36733748383671	7.99074535206613e-08	2.11332252650218e-05
"ENSG00000134207"	15.9283870247402	-1.46634493706459	0.357624163295007	-4.10024010557416	4.12721704742721e-05	0.00212445496743294
"ENSG00000134245"	334.974396060018	1.30596819560995	0.320701092389427	4.07222870954277	4.65654217288928e-05	0.00229919267931351
"ENSG00000134321"	2094.6131927632	-1.14687065732126	0.258688452292917	-4.43340492069064	9.27564230081143e-06	0.000776084558906801
"ENSG00000135111"	1405.4728803303	-1.03206120085196	0.250777949120579	-4.11543839668184	3.86444202807877e-05	0.00202230759469406
"ENSG00000135119"	148.721067477833	1.07394001332126	0.294345777269106	3.64856606160653	0.000263708096747756	0.00730163609875947
"ENSG00000135324"	314.630899739057	3.2867633204521	0.5683705151191	5.78278294355817	7.34748418355181e-09	3.13070858480266e-06
"ENSG00000135919"	3635.40056327247	1.19333676001486	0.297255259257383	4.01451857570532	5.95672526103122e-05	0.00271402557487262
"ENSG00000136110"	67.2885779028968	4.19850719740752	1.1301317576795	3.7150599201179	0.000203155547753966	0.0061994774512878
"ENSG00000136457"	99.8859147418128	-1.10382129632037	0.288352000872641	-3.82803411448462	0.000129170856013547	0.00463664933855804
"ENSG00000136535"	5.39595467271182	3.63994058197267	0.802253740271064	4.53714379784981	5.7021227882235e-06	0.000540342856193866
"ENSG00000136574"	23.6148750571221	3.67030300216772	0.852428882670582	4.30569995548367	1.66458553030109e-05	0.00115016361761855
"ENSG00000136688"	206.216126493368	3.17747569612949	0.678363576560263	4.68403051980078	2.81288097305158e-06	0.000308197991947352
"ENSG00000136805"	22.7451633481111	3.54648547392398	0.799365960639121	4.43662308448617	9.13810933949212e-06	0.000772323706442361
"ENSG00000136872"	30.478859317951	-1.75523019127447	0.408013923888669	-4.30188797123845	1.6934893378344e-05	0.00115503361480086
"ENSG00000136883"	312.199955736514	-2.36639696415372	0.45597309606603	-5.18977322252153	2.10550349436314e-07	4.40413908198196e-05
"ENSG00000136928"	180.892424609741	-1.90100399142826	0.529790444698343	-3.58821872015957	0.000332944932522015	0.00855788776250877
"ENSG00000136944"	67.7939841213563	-2.43525905693886	0.60853096095701	-4.00186549770457	6.28450223316072e-05	0.00280071347399784
"ENSG00000137198"	446.687428116511	-1.50882524386105	0.254493861925598	-5.92872940999322	3.05287678129518e-09	1.52703569262654e-06
"ENSG00000137261"	370.404159970464	1.95429229043879	0.438302646382825	4.45877365004969	8.24299113143054e-06	0.000721152026399564
"ENSG00000137265"	2134.62895453558	1.08429746383334	0.295337414584073	3.67138537242349	0.000241239270172431	0.00696445968305829
"ENSG00000137440"	1571.5287239133	2.3800517595533	0.533500364887467	4.46119987201008	8.15020305142992e-06	0.000718498168622034
"ENSG00000138083"	23.4210127158006	3.8662661950628	0.757292611791382	5.10537952551407	3.30131260012176e-07	6.07679212929612e-05
"ENSG00000138294"	489.635590095126	2.53979195684584	0.645098983771547	3.93705775507046	8.24867595076686e-05	0.00340742881420457
"ENSG00000138829"	1917.01802364226	2.50116368347476	0.601941109960371	4.15516342394262	3.25055122600811e-05	0.00181975506470123
"ENSG00000139055"	752.998503822821	-1.09729439404718	0.302017549837676	-3.63321401235439	0.000279912663740446	0.00762190589349577
"ENSG00000139144"	183.897205214651	3.39033605601936	0.630509348035328	5.37713844621603	7.5678980580714e-08	2.06696503913622e-05
"ENSG00000139304"	137.476320751714	1.70289724058407	0.412040298396933	4.13284148955647	3.5830584100451e-05	0.00193909376722831
"ENSG00000139352"	278.6730351366	5.07410000083064	0.831034717871359	6.10576175906057	1.02311525123601e-09	6.19496284623404e-07
"ENSG00000139364"	71.6919776371069	-2.50902182777526	0.376334613855367	-6.66699722906574	2.610900206847e-11	3.75463767870891e-08
"ENSG00000139973"	38.5015459935625	-2.15167139858946	0.532517635019883	-4.04056364914397	5.33228903765644e-05	0.00251931495826359
"ENSG00000140279"	558.156775712572	1.70048071752908	0.449775441117321	3.78073269919938	0.000156367489414252	0.00520429523841013
"ENSG00000140519"	748.235273770606	4.07588148035827	0.817125901261186	4.98807035007382	6.09853626369597e-07	9.74567293535493e-05
"ENSG00000142149"	424.212081358496	-1.27164744660241	0.315747730779183	-4.02741594837219	5.63932170904135e-05	0.00260552516472555
"ENSG00000142606"	36.1357963658817	-1.28545107714785	0.356524846912908	-3.60550208008885	0.00031154999534288	0.00820921390625077
"ENSG00000142973"	5404.62971068011	-1.9672595380829	0.458327105421536	-4.29226095252114	1.76862916077308e-05	0.00118989439649789
"ENSG00000143199"	47.8993900064606	2.34421515946248	0.481011226290466	4.87351444485183	1.09630247909411e-06	0.000151046848751355
"ENSG00000143469"	142.022161174967	4.08956749794402	0.723233496758192	5.65456040998518	1.56245638318e-08	6.09331507128619e-06
"ENSG00000143473"	24.1585498550863	4.16406289487983	0.709424158140583	5.86963785641855	4.36748070916375e-09	1.97041889484605e-06
"ENSG00000144191"	271.134698035182	3.45740858369221	0.681815697575873	5.07088439879674	3.95971252869079e-07	6.95713035969538e-05
"ENSG00000144285"	445.011353597084	-1.74220536794371	0.433637593561251	-4.01765297523179	5.87806756750078e-05	0.00268796743150891
"ENSG00000144331"	1071.81152201252	-1.69640695526924	0.400794164003031	-4.23261391414974	2.30990848673803e-05	0.00143369869051818
"ENSG00000144407"	65.5006275503234	2.30011093292145	0.580325772731002	3.96348230769964	7.3864340056816e-05	0.00311798156016471
"ENSG00000144476"	3280.09249932969	1.46459741615196	0.362616230245011	4.03897369724011	5.36855842371405e-05	0.00252607690738725
"ENSG00000144847"	210.475905286741	1.93777216458095	0.516081581022574	3.75477877110322	0.000173494650769867	0.00559095016745639
"ENSG00000144857"	564.975251898608	-1.02266488464464	0.288651717490328	-3.54290247616113	0.000395749024291436	0.00963575587293296
"ENSG00000144893"	166.332193001975	1.72959071723073	0.341813360279117	5.06004421775199	4.19159262195553e-07	7.25145523598307e-05
"ENSG00000145087"	147.563345965219	4.83343853679471	0.784047708012791	6.16472503828283	7.06057194524056e-10	4.64161999680114e-07
"ENSG00000145198"	25.3872987612791	2.18952461799587	0.474080269135802	4.61846813829047	3.86583323687136e-06	0.000396872373229124
"ENSG00000145244"	391.735180744838	-1.0453609892499	0.28513657442628	-3.66617643265604	0.000246204093398793	0.00702865003358947
"ENSG00000145526"	20.1869977337856	5.05117730770015	1.02041858379187	4.9501032105178	7.41741353911318e-07	0.000113778178747637
"ENSG00000145920"	185.138562489703	5.21103411719491	0.885295877014074	5.88620624188456	3.95161151456241e-09	1.81845258677133e-06
"ENSG00000146005"	25.8564427753795	-1.51051398698676	0.4047224181493	-3.73222218303097	0.00018979797556995	0.00589655314756477
"ENSG00000146006"	56.2207368504663	1.52838193834094	0.355370760703835	4.30080948504001	1.70175320708197e-05	0.00115503361480086
"ENSG00000146374"	538.763121544092	1.27596786901232	0.348630182696995	3.65994664931609	0.000252267765877215	0.00713951909602563
"ENSG00000146453"	36.3349349749166	2.53278261486699	0.581310253469728	4.35702380914374	1.3184293097453e-05	0.000984926622984726
"ENSG00000147402"	148.73413154044	3.40021236701894	0.647490295207301	5.25137193898841	1.50970478448974e-07	3.36117667922462e-05
"ENSG00000147465"	38.5506493752033	2.1176162268917	0.549241647561083	3.85552741001162	0.000115480389928098	0.00432750536132834
"ENSG00000147573"	72.899124864998	-1.84750522100752	0.447336724086356	-4.13001017249564	3.62747183451985e-05	0.00194103487070854
"ENSG00000148053"	8332.3122872931	4.49016825878018	0.6235180521188	7.20134444146721	5.96217214118056e-13	1.37183618796423e-09
"ENSG00000148600"	382.10731477026	1.90383501924894	0.505672368552752	3.7649575844885	0.00016657735630388	0.00542886457676484
"ENSG00000148798"	220.248630701584	3.57160727470571	0.648863533319908	5.50440437981095	3.70418439286818e-08	1.21638252184297e-05
"ENSG00000148942"	111.509757852614	1.96182618181682	0.509540348421733	3.85018809186248	0.000118027149778545	0.00439431503115622
"ENSG00000149043"	127.656126229045	-1.91118962586198	0.478069805959522	-3.99772083916925	6.39553135853344e-05	0.00282477066574371
"ENSG00000150551"	96.0459922988532	-2.14167106799593	0.389815342600759	-5.49406560990441	3.92784455248011e-08	1.23802431928788e-05
"ENSG00000150750"	20.7018461011679	3.55074148512242	0.883871251956128	4.01726097241442	5.88785077787166e-05	0.00268796743150891
"ENSG00000151364"	186.058781218384	-1.21713403853806	0.305213713396972	-3.98780914851951	6.66862754423133e-05	0.00288961301629414
"ENSG00000151632"	17030.1217684106	2.92924446284084	0.642512775822208	4.5590446961811	5.13868349495584e-06	0.000509637795411375
"ENSG00000152092"	81.4336638529987	2.56789010516871	0.599392892996138	4.28415173949227	1.83437693047674e-05	0.00121634521018269
"ENSG00000152268"	5858.52941707944	-1.30645541253538	0.266241509588096	-4.90703126855239	9.2465296300737e-07	0.000132970875161479
"ENSG00000152578"	22.2862551066618	-1.62222871387035	0.386934741138977	-4.19251243528863	2.75881954567016e-05	0.00161520811517365
"ENSG00000153446"	4893.91525821157	-2.18602001669255	0.49512300398948	-4.41510493166057	1.00961005289778e-05	0.00081275502368576
"ENSG00000153956"	1890.34907069421	1.07144915995272	0.282698201513867	3.79008127471289	0.000150598000985923	0.00510325390969824
"ENSG00000154040"	511.366393101467	1.48402995914488	0.391820150463606	3.7875284295332	0.000152153279973818	0.00513327686058296
"ENSG00000154165"	283.220352562038	4.76232244312591	0.345859630786834	13.7695238738663	3.88766837076797e-43	8.94513615430001e-39
"ENSG00000154198"	17.0646403562997	-2.11401142593007	0.494364459768886	-4.27622047692984	1.90092970162515e-05	0.0012532519055786
"ENSG00000154277"	3440.43553029274	2.12549599001999	0.45080938429898	4.71484415375512	2.41895823893032e-06	0.000276904527957949
"ENSG00000154548"	161.311397674022	1.39288139223428	0.30790588130717	4.52372454310064	6.07607926138791e-06	0.000571062080680914
"ENSG00000154917"	1593.05464201086	1.71099377080236	0.38426387200998	4.45265322980435	8.48156721402625e-06	0.000729555178380278
"ENSG00000155897"	74.1973087946884	2.99644493935275	0.842771856197728	3.5554639340611	0.000377312703305004	0.00931178707822611
"ENSG00000156096"	37.201885798858	3.08655571591984	0.598190414026524	5.15982142733397	2.47185499050225e-07	4.94564447621445e-05
"ENSG00000156140"	300.380766582906	-1.43956595952871	0.27292492391301	-5.27458591501723	1.33056173975265e-07	3.08141161412278e-05
"ENSG00000156738"	1806.74982013588	1.31114423873473	0.369035065825045	3.55289878972186	0.000381011025620287	0.00935611813073339
"ENSG00000157152"	79.2779024062802	1.81983589708004	0.483110929888737	3.76691104359646	0.000165279859210269	0.00540188108035379
"ENSG00000157168"	416.14323637991	1.53832913718414	0.382131215505758	4.02565682876268	5.68164983966789e-05	0.00261982126574987
"ENSG00000157833"	450.265668394543	1.14756365761274	0.238113440608254	4.8193989162532	1.43991385768415e-06	0.000184980936640694
"ENSG00000157890"	127.512918649652	-2.87819701690971	0.515027475679405	-5.58843392405988	2.29126527516674e-08	8.24987210987963e-06
"ENSG00000158022"	16.4217436566689	-2.22870992979283	0.578961971539085	-3.84949278079204	0.000118362671883541	0.00439902670703995
"ENSG00000158125"	1229.83832909233	-1.54697647063985	0.374402916964441	-4.13184940753753	3.59856160027158e-05	0.00193909376722831
"ENSG00000159164"	714.93384941814	1.06821001842154	0.301097231452549	3.54772447846264	0.000388574470533625	0.0094811346686195
"ENSG00000159217"	356.62642142432	2.98117493083398	0.693420510855742	4.29923096326492	1.71391790066909e-05	0.0011598687346028
"ENSG00000159228"	4898.39435507764	1.25095893477452	0.316588412864666	3.95137308865842	7.77040759008121e-05	0.00324481503158219
"ENSG00000159231"	316.00212958104	1.47809654346731	0.362421648881475	4.07838921330746	4.53488028550679e-05	0.00226340695204394
"ENSG00000159387"	139.308191935974	-1.82205178432282	0.48605942820475	-3.74861936338223	0.00017781070785294	0.00567440579332635
"ENSG00000159409"	19.6927543292982	2.58824158492465	0.704063327523657	3.67614884023013	0.0002367814080823	0.00687219466076057
"ENSG00000159423"	478.523761999327	-1.01724901618645	0.240345860066807	-4.23243827001509	2.31171373889454e-05	0.00143369869051818
"ENSG00000159648"	103.635395752284	-2.94050649772499	0.45989911614736	-6.39380767320891	1.61804928366898e-10	1.53799267740462e-07
"ENSG00000159674"	695.296743193582	-1.59866055858067	0.283309597828456	-5.64280409429921	1.67302677881677e-08	6.41577885896586e-06
"ENSG00000159708"	361.756073541996	-2.35096346118138	0.354700797052395	-6.62801854610466	3.40222733858761e-11	4.60481463726837e-08
"ENSG00000160111"	926.497720434731	-1.89727464648781	0.366013561210027	-5.18361844357759	2.17621916462848e-07	4.51104745576007e-05
"ENSG00000160678"	55.9691859932915	-1.12104880113689	0.24939418885165	-4.49508790200294	6.95412137269203e-06	0.000645061064992511
"ENSG00000160862"	2559.20099071574	-2.79940086154252	0.551679757569445	-5.07432223700927	3.88879574606091e-07	6.93622490861361e-05
"ENSG00000161055"	609.865377808727	-2.72636910058536	0.633855946040099	-4.30124402495213	1.69841894564885e-05	0.00115503361480086
"ENSG00000162039"	27.7213800259929	1.98347780377688	0.48881732526619	4.05770765734777	4.95567472836541e-05	0.00240559324525231
"ENSG00000162174"	692.72727543885	-1.54007199970933	0.297516362414938	-5.17642790201043	2.26174396574131e-07	4.6464702596198e-05
"ENSG00000163053"	2073.21446645365	2.46892413813176	0.388619455210314	6.35306365914083	2.11068315320694e-10	1.73445388114781e-07
"ENSG00000163064"	27.4883176650064	4.44716749482824	0.950739937060426	4.67758565878525	2.90272330622667e-06	0.000313562256117227
"ENSG00000163209"	1236.80900838318	4.67188343362917	0.936615634333483	4.98804767118135	6.09925204350954e-07	9.74567293535493e-05
"ENSG00000163216"	596.964550187132	3.21157924695678	0.883569727512884	3.63477736612467	0.000278220790737478	0.00758481300246284
"ENSG00000163485"	290.375914181952	-1.80861634873281	0.367837493593046	-4.91688960542385	8.7930103593432e-07	0.000128049604657043
"ENSG00000163631"	56.1041651645847	-2.15400379300924	0.552901167098629	-3.89582066594734	9.78667846588427e-05	0.00384269086726162
"ENSG00000163687"	284.18563933153	1.6458782322417	0.313089148646475	5.25689963819265	1.46504209792224e-07	3.30481898344047e-05
"ENSG00000163918"	2068.27229337334	1.03581412476901	0.247048340799321	4.19275888037803	2.75582311679924e-05	0.00161520811517365
"ENSG00000164076"	6.5331641196455	2.60732949898595	0.676250906044374	3.85556525792642	0.000115462523542499	0.00432750536132834
"ENSG00000164176"	5800.69460699022	-1.11239258056836	0.256947678977554	-4.32925716626355	1.49613142066849e-05	0.00105921501102035
"ENSG00000164304"	10.6846106771804	2.03353970175491	0.531707552218756	3.82454545411134	0.000131013574468052	0.00466835742436316
"ENSG00000164434"	98.3623129159387	3.76514722347942	0.741484535943968	5.07784996309612	3.81729945404519e-07	6.86189399516607e-05
"ENSG00000164616"	33.6793410713683	6.58043761051835	1.37481722302638	4.78640905882226	1.69791821440245e-06	0.000211836887952771
"ENSG00000164736"	115.136847502203	-1.68445846490187	0.244087328910413	-6.90104837650181	5.16201486613833e-12	8.48377143249834e-09
"ENSG00000164744"	20.8474326868613	2.81719816086052	0.636717210581098	4.42456731818104	9.66357675529352e-06	0.000796950672267199
"ENSG00000164756"	36.1905610220852	2.50388791152207	0.699406499445932	3.58001807747804	0.000343570438106479	0.00873504111645522
"ENSG00000165192"	10.1355431196301	-1.49254444424496	0.415877454078485	-3.58890444674907	0.000332070516700678	0.00855153930254299
"ENSG00000165376"	1702.22433864553	-2.28586940688409	0.643480835324351	-3.55235040641402	0.00038180604605141	0.00935779911622256
"ENSG00000165643"	9.78612847215225	5.67562130600866	1.34845498049656	4.20898093603293	2.56525028871722e-05	0.00154109252984581
"ENSG00000165970"	7.0034609253531	3.83835107120499	1.06554573123092	3.60223963993637	0.000315487322408337	0.00824891795601526
"ENSG00000166206"	783.880974860575	2.05842910094497	0.507907402722855	4.05276451949683	5.06159432590459e-05	0.00243644819758867
"ENSG00000166396"	296.812958803669	2.57129498140969	0.67218875799723	3.82525734151045	0.000130635553897252	0.00466738114848117
"ENSG00000166492"	21.6043131946716	-1.48055708374416	0.282590844891993	-5.23922522794407	1.61252141410429e-07	3.46752385206781e-05
"ENSG00000166603"	12.7914792477517	2.73958608166784	0.566070725283039	4.83965334949626	1.30065797431455e-06	0.000173993251924439
"ENSG00000166819"	21.4843888044252	-1.32881035773247	0.29566738266633	-4.494274430102	6.98075558186515e-06	0.000645061064992511
"ENSG00000167634"	70.5591518738178	1.52808879072359	0.419538619891114	3.64230780737227	0.000270204703674177	0.00741878307050167
"ENSG00000167779"	261.04192474567	-1.84541055588316	0.369568940166159	-4.99341355648953	5.93213434799186e-07	9.70653239162283e-05
"ENSG00000167941"	195.442861088511	3.68526745431443	0.741953165585755	4.96698123985359	6.8003163789674e-07	0.000107170191481959
"ENSG00000168077"	1345.89358037492	-1.04840990654826	0.268589894176784	-3.90338553042583	9.48564234545408e-05	0.00375182597174546
"ENSG00000168309"	1195.4756048061	-2.00488230227725	0.319554753901755	-6.27398678253942	3.51918396212451e-10	2.69909679281742e-07
"ENSG00000168389"	2122.47710228513	-1.27387613629694	0.273408115959498	-4.65924770311374	3.17367116055172e-06	0.000336511519507533
"ENSG00000168490"	81.5853673117827	-1.81673070036764	0.336190212578375	-5.40387742532542	6.52155186190442e-08	1.8525232937106e-05
"ENSG00000168676"	40.6386685962814	-2.0788025430479	0.352003238415632	-5.90563471064813	3.51291593298298e-09	1.65838609952631e-06
"ENSG00000169213"	795.157811650352	2.16549372193395	0.475467556046177	4.55445107536136	5.2522546432371e-06	0.000518665781486019
"ENSG00000169297"	138.66400306852	7.1867694024357	1.28908440688117	5.57509606358788	2.47393309836e-08	8.75734256310236e-06
"ENSG00000169418"	709.364226143226	-1.62674630466209	0.273428322648132	-5.949443308971	2.6905600979003e-09	1.41661757520247e-06
"ENSG00000169474"	333.455215867203	4.58605521204881	0.975614121877306	4.7006855571383	2.59289520577689e-06	0.000288212201882707
"ENSG00000169860"	757.27850408999	1.50246320142197	0.363596831734382	4.13222302915875	3.59271558166603e-05	0.00193909376722831
"ENSG00000169862"	235.408700228387	3.60859035233431	0.651810838469252	5.5362539856025	3.09009368800672e-08	1.04558773040215e-05
"ENSG00000170439"	500.209729116628	-1.46864933039157	0.37999690769699	-3.86489811007271	0.000111135583023656	0.00421271602931023
"ENSG00000170743"	20.4810721119091	1.99989263294837	0.528720429824135	3.78251438782796	0.00015525211632795	0.00519961411376767
"ENSG00000171401"	1575.71357283253	4.18513553802201	0.752007662638074	5.56528310275507	2.61727144752298e-08	9.12436344485699e-06
"ENSG00000171557"	14480.7729885067	2.61483793868503	0.641500249006323	4.07612926532045	4.57915695026449e-05	0.0022756333103377
"ENSG00000171560"	3006.34589219282	4.19243704137478	0.6588941036346	6.36283891181967	1.98058382569419e-10	1.71613324964066e-07
"ENSG00000171658"	2614.14391610106	5.01094899151846	0.670346903496151	7.47515795983271	7.7111172755985e-14	3.54850194788492e-10
"ENSG00000171747"	239.754702183604	-3.27044488911496	0.55386626800598	-5.90475549429858	3.53170145928938e-09	1.65838609952631e-06
"ENSG00000171759"	137.857473266543	2.83880031497762	0.647622672648173	4.38341712678089	1.16832105212544e-05	0.000903955606154429
"ENSG00000171903"	1972.47921268443	2.55566884992796	0.689195075700172	3.70819371762282	0.000208742943989609	0.00629484455865911
"ENSG00000172296"	1174.91984009668	-1.09445903331975	0.282024331086402	-3.88072557110132	0.000104145302195386	0.00400046620736833
"ENSG00000172382"	50.193958282376	-1.21544511649574	0.321096273766694	-3.7852981046391	0.000153524431947619	0.005171136168353
"ENSG00000172828"	335.565734152183	-1.72509599053427	0.40569099039501	-4.25224131513148	2.11641622818741e-05	0.00134383906428237
"ENSG00000173253"	337.590567217827	3.20592698417851	0.58267588373668	5.50207598024997	3.7534512169521e-08	1.21638252184297e-05
"ENSG00000173404"	29.472536129678	3.06571142073914	0.608815108732242	5.03553768092743	4.76509377558175e-07	8.06176784429122e-05
"ENSG00000173805"	445.102725398194	2.74068600777656	0.581838278234607	4.71039137557648	2.47241546598345e-06	0.000280235504713365
"ENSG00000175147"	65.3488313931703	-1.77971094245263	0.271010296235981	-6.56694954830406	5.13564371748727e-11	6.56477923864804e-08
"ENSG00000175183"	914.43563503696	1.19602651072657	0.245355850569434	4.87466065288753	1.08995654144504e-06	0.000151046848751355
"ENSG00000175426"	445.405609230966	3.1418181967734	0.506215636859472	6.20648191799257	5.41838518935282e-10	3.77792802490361e-07
"ENSG00000175697"	119.56522903511	1.66429398785145	0.387827230481985	4.29132834685974	1.77607467148661e-05	0.00119141988677071
"ENSG00000175868"	26.5764656542272	2.77809914287936	0.62386783969783	4.45302508977692	8.46688564192331e-06	0.000729555178380278
"ENSG00000175920"	27.2522671855231	-1.80260106857484	0.437215737658888	-4.12290984360954	3.74116153207193e-05	0.00198799966954834
"ENSG00000176049"	522.375685724644	1.45994193537798	0.392737637997054	3.71734663075233	0.000201326130078713	0.00619083737917194
"ENSG00000176387"	201.984780827593	-1.07264835891076	0.28298195993427	-3.79051851630371	0.000150333124595587	0.00510179183454255
"ENSG00000176597"	5116.95212014446	1.32287777915493	0.265819551071166	4.97660075725867	6.4710599133887e-07	0.000102684563825628
"ENSG00000176697"	169.59295144869	1.70871620687551	0.391821886190655	4.36095140954957	1.29498124771744e-05	0.000970561026994485
"ENSG00000177294"	31.3712617698712	-1.25215669783711	0.312911443706474	-4.00163280385392	6.29068709321051e-05	0.00280071347399784
"ENSG00000177359"	182.924284208621	2.0572780069188	0.462735526097237	4.44590460617994	8.75227826112658e-06	0.000745383150814489
"ENSG00000177699"	40.3333617750227	-1.88476258617828	0.380504391912943	-4.95332675847143	7.29553116420148e-07	0.00011285639695851
"ENSG00000177791"	94.3280241521523	-2.03377368202053	0.351573023030105	-5.7847830999433	7.26059511399062e-09	3.13070858480266e-06
"ENSG00000178031"	355.18939851856	-1.10415391026579	0.308049667016435	-3.58433729521571	0.000337935146237561	0.00863949975531117
"ENSG00000178233"	15.484494944458	3.71012908302747	0.733900956682162	5.055353926503	4.29593332727394e-07	7.37650223337657e-05
"ENSG00000178568"	338.352902098417	-2.17405621892498	0.426103035884492	-5.10218429777703	3.35755542175321e-07	6.1312692618349e-05
"ENSG00000178826"	193.404495165902	-1.6693416538929	0.372211593521205	-4.48492653896285	7.29390594482853e-06	0.00066334182563067
"ENSG00000178919"	1141.76351211049	3.88725863874846	0.746348458675834	5.20836962086745	1.9050714123294e-07	4.05868408576733e-05
"ENSG00000179023"	428.43013769889	-1.54052773664829	0.41704041444348	-3.69395311172432	0.000220794532303623	0.00654672860022431
"ENSG00000179059"	59.227537363848	3.75815220942077	0.843733253526102	4.45419472767586	8.42086482287047e-06	0.000729555178380278
"ENSG00000179242"	63.1494804959083	-1.92064308979086	0.434383937348106	-4.42153340548524	9.80029089554694e-06	0.000799147401325934
"ENSG00000179873"	23.9649060102943	2.16025638887652	0.561721907817396	3.84577556761197	0.000120171721705329	0.00442404983154866
"ENSG00000179915"	124.961759050754	2.47825156512067	0.667467265804809	3.71291850864398	0.000204882872129263	0.00621919525702139
"ENSG00000180071"	197.035372484557	1.06492462956537	0.291562055531128	3.65248018170758	0.000259719646216661	0.00726137058077035
"ENSG00000180336"	95.450923359783	1.75532235308573	0.412275438501369	4.25764474222953	2.06591901087663e-05	0.00132040918114612
"ENSG00000180347"	183.643095172418	-2.63378137031989	0.684575517132324	-3.84732042617118	0.000119416744777412	0.00441036898970061
"ENSG00000180509"	188.27255634558	-1.10887753748429	0.267409934381388	-4.14673276835996	3.37253300319176e-05	0.00185642612130237
"ENSG00000180525"	40.7610741125179	2.16761575418434	0.531217620971156	4.08046658960893	4.49453895044317e-05	0.00225304676929732
"ENSG00000180537"	210.292866286355	1.7163549700641	0.414551355395926	4.14027103692583	3.46895704227012e-05	0.00189140361577235
"ENSG00000180834"	186.453681131798	1.08271322013828	0.297695266627059	3.63698500283735	0.000275847985270284	0.00754695159700827
"ENSG00000181085"	284.185328747105	-1.92875309333776	0.354116191100244	-5.44666734199614	5.13223181480683e-08	1.5745002910252e-05
"ENSG00000181195"	140.803993564799	2.40742497380291	0.545973677455927	4.40941582572403	1.0364983543025e-05	0.000830968314778613
"ENSG00000181234"	47.8504577555634	-2.30913560695099	0.560191290682698	-4.12204838839403	3.75518294095186e-05	0.00198846617097334
"ENSG00000181433"	58.8480017859458	4.79240058250594	0.956014937361248	5.01289299488743	5.36177173174299e-07	8.87546804141542e-05
"ENSG00000181449"	2730.24307398694	2.7085828693058	0.548165773662324	4.94117473115774	7.76532773983539e-07	0.000117298158613531
"ENSG00000182040"	44.5530664134101	2.73046469928176	0.756681659544844	3.60847215581276	0.000308005563932817	0.00816268194643783
"ENSG00000182050"	25.5695151666954	2.54870330900711	0.660897009642124	3.85643038449702	0.000115054844346479	0.00432564855158192
"ENSG00000182902"	45.5717357072244	-1.27788336490032	0.335430410412808	-3.80968250114129	0.000139145363964786	0.00486564692927928
"ENSG00000183091"	439.660739364879	1.19853041700617	0.30644031302177	3.91113820889821	9.18621836180892e-05	0.00368875564200456
"ENSG00000183379"	37.1537977161277	-2.05003949316402	0.339659919645154	-6.03556491241509	1.58407534759869e-09	9.11199741822456e-07
"ENSG00000183454"	183.111955335961	-2.16650786048454	0.59658682889528	-3.63150467886852	0.00028177354788856	0.00766350775811807
"ENSG00000183628"	372.556026744575	-1.30803006475949	0.300971292122622	-4.34602933567022	1.38624037767351e-05	0.00100936724208512
"ENSG00000183657"	24.1713929158438	1.87663701160176	0.447007752812626	4.19822027648008	2.69020887341388e-05	0.00160114779673125
"ENSG00000183760"	107.323949135567	3.03275882343631	0.778793640961333	3.89417512409668	9.85334486952864e-05	0.00386227618574079
"ENSG00000183798"	28.8477844947858	2.0983932914034	0.582441128963316	3.60275603328068	0.000314861017392432	0.00824891795601526
"ENSG00000183837"	112.368229133986	1.53227006533682	0.419389566981364	3.65357220582673	0.000258617017228283	0.00725673042610434
"ENSG00000184012"	4920.01412775424	-1.4653109491144	0.396863490744495	-3.69222915004238	0.000222297030800054	0.00658279585801602
"ENSG00000184106"	50.4298255110213	2.03823390364967	0.440745925906505	4.62450991340994	3.75485128151756e-06	0.000387423197921245
"ENSG00000184571"	3.80670527408449	4.54546414087027	1.19450830948142	3.80530139873503	0.000141631619132698	0.00492266151755929
"ENSG00000184956"	47.6907230719454	4.23703046371708	0.807020820719682	5.25021208243252	1.51924192550463e-07	3.36117667922462e-05
"ENSG00000185155"	94.5472272923393	1.282055786511	0.315255972619908	4.06671371158042	4.76807591317646e-05	0.00232927088505896
"ENSG00000185269"	61.8276138619501	1.9485324566954	0.487059744326969	4.00060255315891	6.31813982284688e-05	0.00280104198812878
"ENSG00000185518"	281.633316116353	1.56054903884496	0.348109431221868	4.48292662846684	7.36262496455238e-06	0.000665231191329701
"ENSG00000185985"	87.7951887888431	-1.75822040729666	0.497487313775903	-3.53420149340464	0.000409009146153129	0.00978263143850035
"ENSG00000186007"	189.100458460003	-1.6170113247522	0.451480557862323	-3.58157465829415	0.000341529508411337	0.00869275714495184
"ENSG00000186191"	18.5198258916704	2.97711543118491	0.753272006548072	3.95224488007695	7.7421451881374e-05	0.00323889124788825
"ENSG00000186474"	70.0052195183673	3.1622973779773	0.781357226491447	4.04718516801472	5.18372340612543e-05	0.00247457444421454
"ENSG00000186529"	1315.01735524646	3.49450690479597	0.645694741285892	5.41201078676389	6.23209339654688e-08	1.82056218382715e-05
"ENSG00000186732"	32.3471204444063	3.68705221745693	1.01957264418985	3.61627220823158	0.000298876085788946	0.00800377191361522
"ENSG00000186867"	19.3435397382942	5.17347163185226	1.1052904733179	4.68064437063531	2.85974641520464e-06	0.000311847892262766
"ENSG00000187054"	314.90286933792	5.94674911132156	0.938311298141307	6.33771449102385	2.33198442642462e-10	1.85022860922772e-07
"ENSG00000187134"	18493.2286202667	2.39129289038672	0.617236821166142	3.87419027573381	0.000106979804795212	0.0040888676553705
"ENSG00000187156"	4.25865347130765	4.59048723818271	1.08835470339836	4.21782275929808	2.46672588960352e-05	0.00149754342991788
"ENSG00000187244"	3731.23618389038	-1.29124089033064	0.281684114273085	-4.58400323235418	4.56157179589594e-06	0.000460338620402499
"ENSG00000187323"	195.293313408263	1.6591907718619	0.39699357199433	4.17938951385741	2.92292681754437e-05	0.001675351171674
"ENSG00000187416"	98.0583914236403	-2.15637606952127	0.508038361859841	-4.24451425602418	2.19067440965097e-05	0.00138475899702361
"ENSG00000187533"	10.0390660761284	21.9749157013699	2.90575191618409	7.56255741550984	3.95220569586288e-14	2.27340752140272e-10
"ENSG00000187689"	161.56029468446	3.39656480126084	0.856913862017765	3.96371788555619	7.3791450705402e-05	0.00311798156016471
"ENSG00000187726"	119.328901180211	-1.59294268651512	0.390361357825168	-4.08068743123021	4.49027041707382e-05	0.00225304676929732
"ENSG00000187772"	50.3315534248239	6.38081463715074	1.37011425198269	4.65714054716025	3.20631564558865e-06	0.000338413379308942
"ENSG00000188175"	53.8020194994373	2.63200012279416	0.637998399531422	4.12540239086372	3.70087119771293e-05	0.00197571567025932
"ENSG00000188269"	16.0198973310225	3.74515791330065	0.854491596226478	4.38290783647217	1.17105662415363e-05	0.000903955606154429
"ENSG00000188373"	112.907325196467	5.26780049822312	1.25923304345959	4.18334042740053	2.87256742466164e-05	0.00166468877636169
"ENSG00000188385"	217.84720400279	1.98059403225802	0.442567142457215	4.47523966931073	7.63256463373387e-06	0.000680688680843343
"ENSG00000188488"	176.259915737404	-1.9282799215065	0.507663360743363	-3.79834368720829	0.000145666248148985	0.00501741722104789
"ENSG00000188508"	30.6900741150631	4.12095199512558	0.769650317928842	5.35431727776741	8.58800543902974e-08	2.18018948120593e-05
"ENSG00000188730"	20.7976425790211	3.18132213740766	0.664180967135426	4.7898423695104	1.66912381054186e-06	0.000209862676266436
"ENSG00000188803"	31.7986705456339	-1.90064751052757	0.467125695576289	-4.06881387285442	4.725307493434e-05	0.00231822175088322
"ENSG00000188916"	60.2085517760308	1.45827137191554	0.412566547328586	3.53463309460742	0.000408341730358716	0.00977683129430145
"ENSG00000189045"	161.217921414987	-1.47823515467723	0.33883957149855	-4.36264025520868	1.28502151668555e-05	0.000966243793379669
"ENSG00000189056"	404.839847321944	1.34355839410071	0.359584057300614	3.73642370072454	0.000186656051584808	0.00584322325294536
"ENSG00000189398"	21.76001788195	-2.07913770829277	0.349749658169378	-5.94464543346566	2.77055895015478e-09	1.41661757520247e-06
"ENSG00000196092"	332.552312035029	1.41139123793731	0.379737267280585	3.71675724124924	0.000201796168211524	0.00619083737917194
"ENSG00000196104"	341.201021771679	2.41868661237781	0.591863083881159	4.08656440695237	4.37807988054172e-05	0.00221883788483226
"ENSG00000196139"	6083.13287431752	1.88965239707766	0.510749908960295	3.69976061459183	0.000215802929442435	0.00643187772479401
"ENSG00000196344"	2234.63440753412	4.80945643939872	0.866990416774427	5.54730057719893	2.90113759779862e-08	9.96302611757441e-06
"ENSG00000196533"	288.432513493713	-1.61484647202521	0.287240712851332	-5.62192753247	1.88838483117543e-08	7.12292566893697e-06
"ENSG00000196620"	20.715751264818	-2.41709506345859	0.618869044783008	-3.9056648314121	9.39666804556469e-05	0.00374700478884006
"ENSG00000197121"	2407.11326702046	1.05429811212107	0.256658159927854	4.10779112737905	3.99461101725654e-05	0.00207009020036162
"ENSG00000197124"	355.976639346374	-1.1279780037246	0.235693621791354	-4.78578077400471	1.70323891830426e-06	0.000211836887952771
"ENSG00000197168"	65.5339982044146	-1.24978655005322	0.320538054874833	-3.89902706104974	9.65799815863884e-05	0.00380515204849522
"ENSG00000197249"	47780.145478775	-2.18356173368529	0.341527948775829	-6.39350817850205	1.62122321299421e-10	1.53799267740462e-07
"ENSG00000197320"	201.679040938679	-1.75130763311634	0.402952104568482	-4.3461930419542	1.38520671189589e-05	0.00100936724208512
"ENSG00000197415"	1613.85566133889	-1.42899297741555	0.341940688322983	-4.17906679788217	2.92707710466751e-05	0.001675351171674
"ENSG00000197558"	57.899783086385	-1.47923981153903	0.370818469142424	-3.98912118633142	6.63185360225478e-05	0.00288961301629414
"ENSG00000197641"	2014.06029899627	6.02132740980816	0.928659543875733	6.48389116282414	8.93867139535934e-11	1.02834945067912e-07
"ENSG00000197705"	62.2720941591109	1.64921553896465	0.389129090680019	4.23822216962134	2.2529676361763e-05	0.00141635334264427
"ENSG00000197977"	217.557045214394	1.23179178338135	0.336515530614256	3.66043071216626	0.00025179163716949	0.00713481992565616
"ENSG00000198074"	8642.02704627057	3.10655334930857	0.768625663836056	4.04169870389753	5.30653876454909e-05	0.00251230762208868
"ENSG00000198092"	56.4048831387672	4.81990602697953	1.05881119579707	4.55218649567747	5.30912399781678e-06	0.000519819719428793
"ENSG00000198203"	1290.46960171102	-1.51669381988236	0.394117874827819	-3.84832537865726	0.000118928024886583	0.0044064652570296
"ENSG00000198477"	278.811229696138	1.30439424874476	0.308256643213903	4.23152031743766	2.32117022424401e-05	0.00143569370133415
"ENSG00000198610"	27.3177440418654	2.50278921414324	0.705085471113614	3.54962528186878	0.00038577985201231	0.00943295283204169
"ENSG00000198681"	136.57538223007	5.19970805310899	1.33749653739689	3.8876422538102	0.000101222666189684	0.00390715432935863
"ENSG00000198788"	6.0440594502224	-2.74503761647251	0.73597045737856	-3.72982038742426	0.000191616315109181	0.00593391627772159
"ENSG00000198842"	12.4683100095903	-1.80033272468529	0.473942793284706	-3.79862875898568	0.000145498836427347	0.00501741722104789
"ENSG00000198848"	9581.54651659529	2.04151536395226	0.454345318223505	4.49331220564702	7.01238612534434e-06	0.000645391969432191
"ENSG00000203668"	4182.36199527707	1.49325699865661	0.243092528076204	6.14275152952669	8.11041012968322e-10	5.04357909929409e-07
"ENSG00000203685"	302.114419068834	3.36027993021127	0.519437291616432	6.46907718110583	9.86032261486471e-11	1.08036268116868e-07
"ENSG00000203799"	167.644471087095	1.58627213151749	0.407758521601687	3.89022435456791	0.000100151583450605	0.00390574200612706
"ENSG00000204529"	16.1262385696388	3.34413748592339	0.91304238942784	3.66263113809973	0.000249637881762751	0.00710002227624121
"ENSG00000204789"	1114.83254219196	-1.0811847263047	0.237660286745042	-4.54928646730352	5.38281239626894e-06	0.00052366826561472
"ENSG00000204818"	17.1941126659308	-1.45961617964275	0.389312710930464	-3.74921275021882	0.000177390552369275	0.00566886002703423
"ENSG00000205056"	36.8670144304602	1.32236882843189	0.338561218250071	3.90584850582369	9.38953259095654e-05	0.00374700478884006
"ENSG00000205683"	81.8091194098303	-1.08457001668927	0.254378182133708	-4.26361257711633	2.01148084563917e-05	0.00130333396742364
"ENSG00000205795"	230.090210069105	-1.38768765622112	0.324471283198699	-4.27676570493707	1.89628193625679e-05	0.0012532519055786
"ENSG00000205922"	6.15524103493354	4.30518826993759	1.10750842722168	3.88727359911624	0.000101376467235738	0.00390715432935863
"ENSG00000206532"	32.1317437897087	1.7045937781698	0.427282257583366	3.98938581679166	6.62445980462855e-05	0.00288961301629414
"ENSG00000211599"	291.797351865874	1.846056779183	0.489215449944835	3.77350465810343	0.000160970212519337	0.00530625160438027
"ENSG00000211611"	727.916462981074	1.89646814020963	0.485646760936982	3.90503611421331	9.42113147830674e-05	0.00374700478884006
"ENSG00000211632"	54.8229733292473	1.84538921892517	0.460921664747939	4.00369381624607	6.23610655922751e-05	0.00280071347399784
"ENSG00000211644"	513.772878639231	1.50069197753665	0.395526280794908	3.79416501609105	0.000148141131871654	0.00507956324553102
"ENSG00000211651"	1536.75624080121	1.40585599097793	0.388725349565701	3.61657914141335	0.000298522075237887	0.00800377191361522
"ENSG00000211658"	460.641577046812	1.67927185631126	0.459798308876284	3.65219232844786	0.000260011028106872	0.00726137058077035
"ENSG00000211659"	2040.62644757324	1.71274125912447	0.46650067781266	3.67146574610613	0.000241163404227268	0.00696445968305829
"ENSG00000211660"	2791.54682731267	1.63716736876335	0.432718005301991	3.78345099742447	0.000154668786989802	0.00518771737587223
"ENSG00000211662"	4454.61751216545	1.7134359437673	0.42823711657064	4.00113833543586	6.30384889762923e-05	0.00280071347399784
"ENSG00000211663"	5561.25893770776	1.79364579179477	0.394871811279142	4.54234954372777	5.56306989023579e-06	0.000531123133213424
"ENSG00000211664"	185.503061813353	2.0818317819221	0.511836303915785	4.0673781167829	4.75450620330871e-05	0.00232758368578575
"ENSG00000211672"	22.6937715118211	2.84853614460762	0.577023478755701	4.93660353431412	7.94948439727555e-07	0.000118772523699294
"ENSG00000211677"	35458.689917166	1.60854791104677	0.428619695862904	3.75285579867817	0.00017483143374964	0.00561829114405791
"ENSG00000211935"	167.59782184315	2.68983907404307	0.502340572206345	5.35461243400855	8.5739993507328e-08	2.18018948120593e-05
"ENSG00000211945"	1515.57185472449	2.57688822445552	0.472631334517929	5.45221621220666	4.97459201121498e-08	1.54676199440602e-05
"ENSG00000211953"	1482.05052407606	2.11197745223763	0.437465005450418	4.82776319459684	1.38075140626542e-06	0.000181459304151395
"ENSG00000211962"	1310.32339810997	1.52611324453549	0.424566035055376	3.59452504093136	0.00032498388907707	0.00843967754376333
"ENSG00000211966"	4897.95300948685	1.8440269435104	0.405687620579023	4.54543557646272	5.48217638300232e-06	0.000528637800784405
"ENSG00000213462"	3564.21377498357	-1.03790524404709	0.291017129548655	-3.56647474894965	0.000361815655118019	0.00908844586092849
"ENSG00000213606"	246.339966998012	3.25118889734604	0.805375543640607	4.03686072046515	5.41712069962824e-05	0.00252824604823014
"ENSG00000213963"	254.405836024775	1.25047569276165	0.276435905593436	4.52356465806134	6.08067320469486e-06	0.000571062080680914
"ENSG00000213981"	15.9690342566355	-2.17846086870246	0.44683859113716	-4.87527467839896	1.08657156857939e-06	0.000151046848751355
"ENSG00000213988"	181.76138847149	-1.98119363677577	0.329793234400004	-6.00738108039171	1.88544001831211e-09	1.05809974100838e-06
"ENSG00000214128"	347.95717841041	-3.80993149701509	0.627830870133517	-6.0684042124352	1.29187428685358e-09	7.62172704261896e-07
"ENSG00000214456"	130.326873373194	-1.34576556839662	0.307193974487826	-4.38083321992357	1.18226340529533e-05	0.000906756623081344
"ENSG00000214514"	68.9347349691829	2.49447585766175	0.698942676831511	3.56892766795963	0.000358445362205401	0.00904327778397376
"ENSG00000214595"	375.517138071681	1.15914308643529	0.293096677998352	3.95481482202882	7.65939532926952e-05	0.00321596764837888
"ENSG00000214708"	53.2460680825724	-1.21898120898426	0.343471694619573	-3.54900047974665	0.000386696375914739	0.00944532581042699
"ENSG00000214814"	90.8583835541721	2.08183518891227	0.588540081856456	3.53728701424285	0.000404260093071568	0.00972982456752682
"ENSG00000215182"	58.7703414273458	2.36421159034111	0.668072663737225	3.53885395806441	0.000401868114604564	0.00971279774047942
"ENSG00000215262"	17.7222456154437	4.7682355028745	1.1743726003783	4.06024076288778	4.90221393950226e-05	0.00238467316139551
"ENSG00000215267"	61.8825564321893	2.63710790353893	0.487520740272645	5.40922197907751	6.32991328202755e-08	1.82056218382715e-05
"ENSG00000215481"	37.6235944810592	-2.26309381965371	0.377860055336672	-5.98923804644367	2.10826398316282e-09	1.1549772854427e-06
"ENSG00000216775"	1396.13187727154	1.36193213718563	0.313861049679015	4.33928370079206	1.42947885445373e-05	0.001021455868389
"ENSG00000218617"	16.640090275736	3.05257947000272	0.826094679898328	3.6951932318199	0.000219719621696092	0.00653169092455477
"ENSG00000220154"	35.4007907672352	2.59759172820212	0.698883516424154	3.71677349251665	0.00020178319401593	0.00619083737917194
"ENSG00000220377"	14.2318477101604	4.47005075434786	1.16037148238141	3.85225836916815	0.000117033441131303	0.00437146501134765
"ENSG00000223414"	249.051547223283	4.68233997150237	0.850669805079892	5.50429784099675	3.7064249015367e-08	1.21638252184297e-05
"ENSG00000223648"	191.546993994363	2.37714872135651	0.568235050739938	4.18338981071488	2.87194322214895e-05	0.00166468877636169
"ENSG00000223749"	122.671917650045	-1.15320846753248	0.272415146031372	-4.23327588180312	2.30311690014531e-05	0.00143369869051818
"ENSG00000223756"	99.4174947315103	-2.021158219848	0.290696191290458	-6.9528197492911	3.58056070209351e-12	6.3373170149592e-09
"ENSG00000223812"	21.6133908130123	4.89400064193599	1.24393610830956	3.93428618177718	8.34443134501767e-05	0.00341180779937187
"ENSG00000224034"	42.0930988339196	3.04054663771469	0.492519080529754	6.17345958342219	6.68116351631105e-10	4.52137915725886e-07
"ENSG00000224041"	248.139642247454	2.11479026731866	0.464484036877247	4.55298804569586	5.28892796071916e-06	0.000519819719428793
"ENSG00000224124"	15.6728912445587	-1.84214597409861	0.386985004609782	-4.76025156570639	1.9335180426242e-06	0.00023292312378398
"ENSG00000224251"	93.495703641289	2.94240633044602	0.598694724916665	4.91470228146003	8.89174767038972e-07	0.000128673095690564
"ENSG00000224930"	9.76462686053454	-2.97316624699493	0.710579051039151	-4.18414565226342	2.86240549919398e-05	0.00166468877636169
"ENSG00000224982"	70.9233936679125	-1.86641715821432	0.355898430091551	-5.24424105420809	1.56926925917221e-07	3.43243164325859e-05
"ENSG00000224984"	33.1547439043713	4.05089664452619	0.925967885042699	4.37477012967831	1.2156050696088e-05	0.000926154206842012
"ENSG00000225285"	21.1762114216304	-1.37166357944775	0.364791109562777	-3.76013434398598	0.000169822133277225	0.00549569263653399
"ENSG00000225826"	43.6573479015904	3.82618638112651	0.695902178767472	5.49816698074311	3.83759451928442e-08	1.22637794853077e-05
"ENSG00000226598"	228.812349001192	-1.86318999303447	0.460406150969558	-4.04683992407753	5.19137164085794e-05	0.00247457444421454
"ENSG00000226673"	56.9832338037756	3.02331711681566	0.558734132162574	5.41101204093966	6.26695575569894e-08	1.82056218382715e-05
"ENSG00000227630"	94.5692671356483	-1.20627755952848	0.277958545436454	-4.33977504679471	1.42628646401806e-05	0.001021455868389
"ENSG00000227640"	214.62300638284	2.2015855419341	0.505857961140804	4.35218126639565	1.34789745848494e-05	0.000999789589240441
"ENSG00000228203"	135.674481213555	-1.42559059425877	0.337378530710221	-4.22549292409844	2.38418316906068e-05	0.00145511062432141
"ENSG00000228295"	10.6400208415851	6.7059644558249	1.76802589100461	3.79291077689733	0.000148891665430651	0.00507956324553102
"ENSG00000228412"	34.3008863982392	-1.5814684614736	0.423177779638715	-3.73712547672935	0.000186136047690545	0.00583488327154189
"ENSG00000228477"	51.8365339339804	-1.27924457367312	0.335015172530209	-3.81846757569693	0.000134283229660445	0.00475367420669693
"ENSG00000228577"	15.5990276516683	3.78964571467994	0.807194655881972	4.69483499062469	2.66822019598133e-06	0.000293746787030309
"ENSG00000228798"	10.6681457051294	-1.32043189350516	0.359337824976628	-3.67462538515406	0.000238198647281988	0.0068939782079387
"ENSG00000228835"	2.49737377372452	3.66182540050759	0.969250080587735	3.77799855150606	0.000158093798333814	0.00524147003726617
"ENSG00000228956"	64.6939485240348	1.15941645570031	0.284764692360057	4.07148950275878	4.6713467825473e-05	0.00230156355716554
"ENSG00000229155"	85.5491567833745	-2.39330746931187	0.449289100835424	-5.32687631385152	9.99161517652675e-08	2.41996919575478e-05
"ENSG00000229344"	50.0528710955121	1.54778095638366	0.386520900550929	4.00439136454853	6.2177355769913e-05	0.00279968449884526
"ENSG00000230453"	112.706802308922	2.05528311415449	0.549368747718425	3.74117225031502	0.000183163927430542	0.00576527880471867
"ENSG00000230570"	22.6902114286652	3.30550636775884	0.834075271101395	3.96307921153677	7.39892186470483e-05	0.00311798156016471
"ENSG00000230699"	18.7828012968598	-1.83104842395925	0.444996568692444	-4.11474728746676	3.87603828614926e-05	0.00202230759469406
"ENSG00000230798"	20.2409033522279	1.93968317763385	0.517682651852303	3.74685759836365	0.000179063669305032	0.00567837260927912
"ENSG00000230943"	122.059900628015	1.60476975497874	0.444911086967707	3.60694485254582	0.000309823475548315	0.0081939406309094
"ENSG00000231322"	266.696311634236	-2.99992958103943	0.617107526728476	-4.86127530633633	1.16631914403619e-06	0.000158791936006679
"ENSG00000231453"	20.0951603442404	3.3465029002308	0.756582997674611	4.42318015408279	9.72585752611508e-06	0.000799147401325934
"ENSG00000231532"	12.2009870003411	6.49534039265458	1.427907773759	4.5488514818821	5.3939492785731e-06	0.00052366826561472
"ENSG00000231971"	23.6955725811228	2.07365392915502	0.473031781481259	4.38375181190056	1.16652666654749e-05	0.000903955606154429
"ENSG00000231990"	12.6913691049526	4.20731271418175	1.18877664608211	3.53919529631402	0.000401348810192843	0.00971044666007059
"ENSG00000232079"	21.5934223254962	3.87321006227432	0.786437607014749	4.92500616415929	8.43576949514558e-07	0.000123629694467392
"ENSG00000232383"	8.78285316390674	20.2767509669467	1.9241968323309	10.5377738006066	5.78521375391406e-26	6.65559916319043e-22
"ENSG00000232855"	75.5889306046329	2.6420343143367	0.513796122907717	5.1421842177101	2.71562642062364e-07	5.29524138238384e-05
"ENSG00000232884"	16.1846654759273	1.67504248509315	0.380992523394137	4.39652324452656	1.09998586011299e-05	0.000869744833516832
"ENSG00000233056"	17.2826108376304	-1.84973688994085	0.426257650455542	-4.33948079984965	1.42819743791385e-05	0.001021455868389
"ENSG00000233455"	5.63057743638548	3.80816800310536	1.01240422154115	3.76150940709068	0.000168891068106638	0.00547325998037414
"ENSG00000234350"	67.6688655029992	-1.77028426519256	0.387307947782239	-4.57074086738826	4.86002952341135e-06	0.000484088395256155
"ENSG00000234742"	24.8725742988975	1.04322598823627	0.225056496371739	4.63539602301953	3.56254765734286e-06	0.000370907959492317
"ENSG00000234854"	73.6338733671765	9.7437185052744	2.26034014503661	4.31073107588264	1.62715693955132e-05	0.00112768837416074
"ENSG00000234899"	41.3173987250079	-1.46972964899454	0.410124197472116	-3.58362090813837	0.000338863796044467	0.00865362606347075
"ENSG00000234997"	10.0693171927008	-1.6765234478805	0.415192419040798	-4.03794330289967	5.39218808707762e-05	0.00252686060479774
"ENSG00000235123"	30.2262979302744	7.80346506765633	1.88061596977919	4.14941976089491	3.33319098194448e-05	0.00183917005524126
"ENSG00000235126"	11.2441984120975	3.70116469820244	0.862008072559142	4.29365433575856	1.75756039078141e-05	0.00118591516221377
"ENSG00000235277"	10.1164765670426	3.4536526281815	0.884550103269026	3.90441718950442	9.44527262170124e-05	0.00374700478884006
"ENSG00000235601"	19.5740132949241	3.8105280988801	0.81130557054527	4.69678532629707	2.64287960448622e-06	0.000292355850094343
"ENSG00000235621"	49.7878078299505	1.60499387649836	0.368826854357009	4.35161880849597	1.35136060782206e-05	0.000999789589240441
"ENSG00000236039"	541.863976746017	-1.68376308778335	0.461603670969215	-3.64763799267021	0.000264662175466756	0.00730912890185329
"ENSG00000236548"	40.8009390557735	1.49271429089425	0.395425741889583	3.77495477092908	0.00016003669777174	0.00528304788956952
"ENSG00000236714"	20.3507142740086	-1.80935613331264	0.482410574025429	-3.75065604017473	0.000176372505176711	0.00564416546816544
"ENSG00000237167"	18.5320716007175	3.04899831632337	0.764415601673518	3.98866573320621	6.64459729227217e-05	0.00288961301629414
"ENSG00000237223"	14.5407849028366	-2.2338294492585	0.479796702420691	-4.65578324733849	3.22751348779271e-06	0.000339095241281381
"ENSG00000237515"	64.9972849479426	4.50972202971377	0.876732239660083	5.14378487035248	2.69257854842604e-07	5.29517434365255e-05
"ENSG00000238755"	50.167871539524	2.05230528338291	0.429828945139736	4.77470237076683	1.79973223566125e-06	0.000220266164948562
"ENSG00000238840"	68.8839297011156	2.9970310926743	0.636138580822465	4.71128647597421	2.46157919610413e-06	0.000280235504713365
"ENSG00000239542"	10.9431458308896	2.94534095580865	0.828210065900566	3.55627283110353	0.000376153444741438	0.00930635979575886
"ENSG00000239819"	45.4325823245328	2.18860578613136	0.506022093271962	4.32511903181883	1.52449521276815e-05	0.00107269450613402
"ENSG00000239855"	720.295519921453	1.75586017416587	0.472470721489125	3.71633647188079	0.000202132362293287	0.00619269658328879
"ENSG00000239857"	156.280282650914	-1.04036886156286	0.248067366753417	-4.19389650149754	2.74203129504933e-05	0.00161359074342174
"ENSG00000240207"	95.1324840590743	1.10887288669434	0.260252102078457	4.2607643813	2.03728925402964e-05	0.00130938515212201
"ENSG00000240583"	23150.04215902	-1.72865501753306	0.382634487354865	-4.5177710704625	6.24939971778443e-06	0.000584522106123992
"ENSG00000240834"	321.931293409935	2.0077002096166	0.554350198052432	3.62171821471363	0.000292652798377005	0.0078848340021739
"ENSG00000240891"	103.196834062657	1.0433277465069	0.27214883247616	3.83366607533872	0.000126247496587443	0.00458898680723615
"ENSG00000241155"	21.3794539156017	1.24439965981913	0.282476216325901	4.40532543236643	1.05625184395474e-05	0.000843864537415087
"ENSG00000241635"	186.603475030939	3.04010561711328	0.832625990151322	3.65122594426913	0.00026099150203386	0.00726137058077035
"ENSG00000241732"	657.442385327268	1.40222994905032	0.346145857003445	4.05098001515692	5.1003564047207e-05	0.00244487709408789
"ENSG00000241755"	2102.90759252746	2.41044010111715	0.448409800886671	5.37552947404545	7.63579592014336e-08	2.06696503913622e-05
"ENSG00000241794"	893.319937806533	5.28473758555626	1.03309744057701	5.11542994686406	3.13027108942155e-07	5.85564288589435e-05
"ENSG00000242076"	82.8236459614588	2.85585317805878	0.592696903033491	4.81840408384487	1.44711063476574e-06	0.000184980936640694
"ENSG00000242512"	327.102347402601	5.77112376538753	0.845839748181585	6.82295172081293	8.91886368429894e-12	1.36809423008023e-08
"ENSG00000242575"	18.2574997766111	4.50331344937692	0.831057306957238	5.41877607197146	6.00084213468274e-08	1.79316073606383e-05
"ENSG00000242808"	313.425501753342	3.20965649648058	0.539764170077085	5.94640525328349	2.7409506557055e-09	1.41661757520247e-06
"ENSG00000243004"	23.4715175031317	-2.42064743078963	0.390015501596801	-6.20654158842152	5.41632922131257e-10	3.77792802490361e-07
"ENSG00000243024"	17.4418339475476	2.52190366081004	0.534191321906855	4.72097459728066	2.34717254858088e-06	0.000270030465851487
"ENSG00000243056"	23.5811428852874	-1.19410579029925	0.324908191736364	-3.67520986133882	0.000237653982584727	0.00688687718550626
"ENSG00000243236"	21.5328961589236	3.97211552182708	1.05543297814561	3.76349384951574	0.000167555849786583	0.00544765523494369
"ENSG00000243238"	1298.18310794376	1.49794168331502	0.415575588773481	3.60449873327739	0.000312755974344771	0.0082242311013701
"ENSG00000243352"	34.8574338848795	-1.83957131577052	0.508850720397289	-3.61514928058717	0.000300174601316494	0.00802173914249849
"ENSG00000243491"	14.8922144884856	2.33852945313752	0.532586450907642	4.39089174940925	1.12886733797077e-05	0.000886488347418754
"ENSG00000243587"	50.1759045168679	1.29987878979186	0.320851869366592	4.05133618936992	5.0925973702424e-05	0.00244487709408789
"ENSG00000244122"	447.532284289944	6.71667406057524	1.07426351258657	6.2523524087708	4.04315776585792e-10	3.00093603337499e-07
"ENSG00000244128"	10.5602439953133	3.00190164060077	0.813542755564826	3.68991257074942	0.000224331136689209	0.00663449244740618
"ENSG00000244437"	5775.11449441367	1.63402803671488	0.427101345802153	3.82585550894475	0.000130318714867116	0.00466330219343308
"ENSG00000246223"	128.49581447094	-1.24475090961713	0.267149269678213	-4.65938353908459	3.17157773661061e-06	0.000336511519507533
"ENSG00000246763"	37.9473179432471	-1.06223174737303	0.258980889943441	-4.10158350913461	4.10332363381014e-05	0.00211689178229456
"ENSG00000246877"	18.7520468848705	-2.09517135965209	0.327940443553819	-6.38887761737215	1.67107727129017e-10	1.53799267740462e-07
"ENSG00000247844"	332.304669112351	7.50201473459146	1.00856961762179	7.43827159128711	1.02011167770918e-13	3.91195826540174e-10
"ENSG00000248571"	40.7918496063966	1.55981298445675	0.378872317932859	4.11698852259026	3.83855180928065e-05	0.0020164666342406
"ENSG00000248810"	88.2364938012893	1.8856991592436	0.492133548724453	3.83168179477114	0.000127270280095432	0.00461159350348944
"ENSG00000248874"	14.6521106954139	3.00707371721884	0.766182653995398	3.9247478411811	8.68206330016672e-05	0.0035169999027031
"ENSG00000249199"	13.129552447061	3.8839059554796	0.978151031746667	3.97066079718199	7.16735632203065e-05	0.00306434222162048
"ENSG00000249379"	34.3353760518334	2.2842814304145	0.444959751059431	5.1336810239032	2.84129483936062e-07	5.49372713939904e-05
"ENSG00000249464"	76.7311493664444	-2.05318067644111	0.322812706822206	-6.36028456454762	2.01380319615359e-10	1.71613324964066e-07
"ENSG00000249628"	97.2899251549106	3.16170505880924	0.665068150253896	4.75395650446082	1.99473969451364e-06	0.000237515357404835
"ENSG00000250669"	8.12976645602355	3.48585986131506	0.885900328529003	3.93482172774805	8.32584720875392e-05	0.00341180779937187
"ENSG00000251188"	13.4613622698881	-1.30418005161373	0.342242778184464	-3.8106868420487	0.000138581226659775	0.00485753918718016
"ENSG00000251629"	9.16607107443374	4.90959894806551	1.1595593241246	4.23402136132361	2.29549125778608e-05	0.00143369869051818
"ENSG00000253239"	5.67438145812901	2.56432348193576	0.677501034467686	3.78497352989366	0.000153724939769371	0.005171136168353
"ENSG00000253497"	17.2012227082273	2.31436611972707	0.542228829834159	4.26824615805641	1.97015852508533e-05	0.00128417500010448
"ENSG00000253665"	97.550099152467	3.86527600718184	0.76814571027498	5.03195677002238	4.85498757327494e-07	8.15389847251702e-05
"ENSG00000253955"	19.5065300181783	-1.01819014744091	0.265576318825071	-3.83388907544715	0.000126133038241762	0.00458898680723615
"ENSG00000254024"	28.4097298117995	-1.57397756433064	0.425731145682885	-3.69711631458377	0.000218062445067308	0.00649081345220399
"ENSG00000254143"	82.3168988215076	2.32316421070854	0.620390137672594	3.74468269180412	0.00018062190654377	0.00570735505658569
"ENSG00000254166"	30.8101415180551	5.26932938982133	0.9419457186819	5.59409028069568	2.21781535867212e-08	8.23059896575593e-06
"ENSG00000254290"	26.2058534532138	-3.21247470843148	0.65843848775561	-4.87892911512768	1.06663386880458e-06	0.000149647431020272
"ENSG00000254761"	21.3350603589706	3.10791702748217	0.874734871797805	3.55298174073545	0.000380890901937563	0.00935611813073339
"ENSG00000255398"	290.059872104185	1.42323598340502	0.351703253713605	4.04669552634838	5.19457367358696e-05	0.00247457444421454
"ENSG00000255471"	47.2891141764159	-1.12206379781558	0.246960019673747	-4.54350384041072	5.53267969422354e-06	0.000530422612851623
"ENSG00000255559"	31.4022910391075	-1.20226449540239	0.233415492190372	-5.1507484962559	2.5944891828883e-07	5.14625875940318e-05
"ENSG00000255571"	169.586048300402	2.10331219358433	0.430189329800076	4.88927095091321	1.01210109471752e-06	0.000143749593137997
"ENSG00000255847"	46.902239600868	-1.68515984765681	0.463490813983869	-3.63579988386881	0.000277119403260783	0.00757273200668331
"ENSG00000256229"	932.833830770004	-1.73205785018625	0.328565807006167	-5.27157060550048	1.35261233876484e-07	3.08141161412278e-05
"ENSG00000256234"	27.1436574556806	-1.83606501738145	0.371067742786028	-4.94805881965384	7.49572600693594e-07	0.000114217986552046
"ENSG00000256393"	46.7957433244846	1.47754459531134	0.32930002960878	4.48692518208005	7.22584350721279e-06	0.000659759655783568
"ENSG00000256463"	7.56263687578904	4.62692528672558	1.03975597826119	4.4500107558538	8.58659889255048e-06	0.000734457449511873
"ENSG00000256673"	60.2417852003505	1.07178959524886	0.300618953962896	3.56527617809868	0.000363473238265854	0.00911019143710134
"ENSG00000256894"	32.193986669273	-1.32960508105591	0.312709703654867	-4.2518830260649	2.11980579687512e-05	0.00134383906428237
"ENSG00000256995"	23.4507838823409	4.16386059918884	0.958480341420066	4.34423161253338	1.39763997510548e-05	0.0010125810065005
"ENSG00000257443"	22.6152977525158	-3.33810873192938	0.456850387181863	-7.30678757332549	2.73604580475096e-13	8.99338256021642e-10
"ENSG00000257951"	19.2387160596258	1.86122261832492	0.452052626690222	4.11726977885776	3.83387194597281e-05	0.0020164666342406
"ENSG00000258072"	24.869243815186	1.2667782142219	0.339400123149982	3.73240351967141	0.000189661350626912	0.00589655314756477
"ENSG00000258077"	38.7934348882501	1.96338388933661	0.545767825519659	3.5974709345813	0.000321326389661221	0.00835412305052547
"ENSG00000258088"	22.1329895637003	2.05542516747329	0.578168641873905	3.55506165261997	0.000377890469445718	0.00931178707822611
"ENSG00000258168"	39.8227310910802	1.70178771298159	0.428460708308698	3.97186411724709	7.13123957339627e-05	0.00306124424149766
"ENSG00000258346"	17.5319695356763	4.49208353928586	0.948058844998166	4.73819063340373	2.15634912601441e-06	0.000250583015355887
"ENSG00000258525"	14.1634048220399	2.31468457315713	0.468530178654008	4.94031052558182	7.79982540217749e-07	0.000117298158613531
"ENSG00000258657"	20.0139779323363	2.51965909529593	0.67487255862304	3.73353318800938	0.000188812301022771	0.00589468417127943
"ENSG00000258732"	25.2975030787476	1.63290639177087	0.446698085178651	3.6555034506535	0.000256677755670284	0.00721992479244201
"ENSG00000258955"	74.2325676260268	1.96642293865871	0.530254070795127	3.70845420518889	0.000208528363311357	0.00629484455865911
"ENSG00000258998"	17.7660514220148	-2.3632679946291	0.639638182577026	-3.69469499945699	0.000220150887497551	0.00653606680055631
"ENSG00000259146"	20.2275228192423	-1.09975312931762	0.253628975892109	-4.33607053551107	1.45052414705463e-05	0.00103009599072777
"ENSG00000259207"	484.202841861093	-1.20871985514449	0.31847300772501	-3.79536044130991	0.00014742910911434	0.00507054764067542
"ENSG00000259261"	195.093038886883	2.35499351312818	0.596576357012146	3.94751398617734	7.89669062312378e-05	0.00327378296481901
"ENSG00000259370"	13.2168852356496	-1.24880958184309	0.341103910260892	-3.66108257418669	0.000251151791209391	0.00712546432051402
"ENSG00000259796"	40.7921062683851	-1.97856809652373	0.530080109048708	-3.73258317516291	0.00018952608347442	0.00589655314756477
"ENSG00000260019"	18.2400091186927	6.39023938245504	1.47737334315174	4.32540590506559	1.52251248877589e-05	0.00107269450613402
"ENSG00000260139"	16.9004415788319	-1.84307703357502	0.378965305606351	-4.86344529778542	1.15359917630131e-06	0.000157995020520934
"ENSG00000260228"	32.6284003093864	-1.02421922712738	0.266523285668606	-3.84288834109938	0.000121594798069261	0.00446519883766901
"ENSG00000260230"	82.5255424661305	2.93774474107428	0.672187312737668	4.37042575098526	1.24004515779586e-05	0.000938559178806741
"ENSG00000260655"	93.2906300768517	1.10776462470305	0.307703988082465	3.60009836598597	0.000318096820953853	0.00829828770218505
"ENSG00000261026"	26.2571992358719	-1.99157359483584	0.412807045259183	-4.82446609792093	1.40378791511792e-06	0.000181459304151395
"ENSG00000261231"	18.4282238793417	-2.5507345233468	0.607726870348131	-4.19717252568681	2.70268046144457e-05	0.00160114779673125
"ENSG00000261634"	16.2799673947841	-1.87632648486594	0.415693488719897	-4.51372594419022	6.36985190683081e-06	0.000593376204551701
"ENSG00000261649"	9.19004829614798	2.07146765289155	0.581550307015685	3.56197499666298	0.000368075445355155	0.009175566546237
"ENSG00000263470"	105.303643918531	1.07055562986878	0.272075113714612	3.93477968364177	8.32730477742601e-05	0.00341180779937187
"ENSG00000264175"	23.8235259924681	-1.84035920457153	0.461060165399971	-3.99158145222762	6.56341373685731e-05	0.0028875255577696
"ENSG00000266010"	68.6403526156862	-1.7085477066115	0.342196043982889	-4.99289146281579	5.94819882315103e-07	9.70653239162283e-05
"ENSG00000266670"	9.94777073534713	3.91994050193714	1.10097502173982	3.56042637165612	0.000370253119458472	0.00919995035164144
"ENSG00000266968"	90.6674778365328	3.64242846816975	0.688785499637536	5.28818982119474	1.23532748209496e-07	2.93027319953845e-05
"ENSG00000267056"	477.314131694674	3.46896779442765	0.645808301568975	5.37151316574884	7.80786664529639e-08	2.08896748420494e-05
"ENSG00000267279"	16.8709292554332	-1.16571691813809	0.305099953571146	-3.82077055238312	0.00013303537659149	0.00473108343121111
"ENSG00000267336"	10.7576071415639	1.66131490383357	0.400734784503337	4.14567182105883	3.38818815930294e-05	0.00186059239516471
"ENSG00000267385"	19.3155917351921	-1.3380421288474	0.356602494154781	-3.75219509335968	0.000175292964406995	0.00562526613394775
"ENSG00000267710"	72.5602768319479	2.19836751582607	0.502133082287602	4.37805751776166	1.19741753110446e-05	0.000915328238311714
"ENSG00000268164"	64.0369337407397	1.14231820802767	0.258737578171891	4.41496830919852	1.01024788897443e-05	0.00081275502368576
"ENSG00000268416"	314.051490509001	-1.87224386656193	0.464047808744858	-4.03459262446668	5.46971107966232e-05	0.00254002902771933
"ENSG00000268941"	12.256736044034	-1.36164343498507	0.377970709029292	-3.60251046564444	0.000315158707549641	0.00824891795601526
"ENSG00000269113"	79.3366474002537	-1.1888946597489	0.294493722903334	-4.03707979928371	5.41206636614125e-05	0.00252824604823014
"ENSG00000269985"	20.6458793390713	-2.19542389515334	0.515003271499502	-4.26293193975461	2.01761985658797e-05	0.00130333396742364
"ENSG00000269994"	183.202429174831	2.05765769237483	0.544547462193088	3.77865628844896	0.000157676880071929	0.0052351909575397
"ENSG00000270348"	107.045804691218	1.85741145307767	0.500425592334804	3.71166359500454	0.000205901523019606	0.00623696988466086
"ENSG00000271288"	15.0638224871556	1.70355330425653	0.385651554251131	4.41733810087849	9.9923863786641e-06	0.000809559218967192
"ENSG00000271615"	37.2575278204335	2.00269979322054	0.504421075826356	3.97029364790055	7.17841043701785e-05	0.00306434222162048
"ENSG00000271996"	22.08158439388	5.27109398705578	0.804791311163647	6.54964077511512	5.76756498907214e-11	6.98452120176637e-08
