"ENSG00000001084"	9572.09912555453	-1.48378781857807	0.355194481951461	-4.17739546635423	2.94866103263125e-05	0.00309691200320351
"ENSG00000002745"	30.7031935914461	-1.67508743176606	0.401287055964533	-4.17428722623466	2.98920438954688e-05	0.00311037488528583
"ENSG00000006611"	108.446150397601	-2.93314764542356	0.643859182177207	-4.55557321634387	5.22429140103931e-06	0.000840599446479115
"ENSG00000007171"	134.279003334826	-1.57639165316984	0.37013676232797	-4.25894375704576	2.05395136894226e-05	0.00244867186777163
"ENSG00000008516"	219.382220531379	1.0548467369621	0.253029534450849	4.16886803056979	3.06116159912163e-05	0.00314438693009775
"ENSG00000010379"	27.9341442030638	1.49304052712947	0.38360421996398	3.89213791044756	9.93647321482635e-05	0.00712493247633811
"ENSG00000019102"	635.521278925081	1.48011638629961	0.384948421404752	3.84497325875082	0.000120565585737892	0.00811138468492154
"ENSG00000021826"	2911.70077614124	-3.34547443948462	0.595734379319233	-5.61571491527417	1.95751179283385e-08	1.18527339056089e-05
"ENSG00000023909"	6554.46927183588	-1.29398748230213	0.320876374862482	-4.03266673296436	5.51474613789792e-05	0.00473465648831691
"ENSG00000039537"	221.04479737586	1.98741566533834	0.460805582895851	4.31291576991923	1.61115511443676e-05	0.00206185682511945
"ENSG00000046774"	100.679941378025	-5.60566638784314	1.27481280943747	-4.39724667523284	1.09632724268663e-05	0.00150241420727723
"ENSG00000049192"	302.352314130436	1.1389714303219	0.242382549974243	4.69906530170151	2.6135488297675e-06	0.000527501272141407
"ENSG00000058335"	852.884155472909	1.74809270872808	0.374901422468729	4.66280628442772	3.11926345550937e-06	0.000603118763427018
"ENSG00000063438"	140.105432598046	-1.31376577599294	0.29877895472327	-4.39711617978501	1.09698633935666e-05	0.00150241420727723
"ENSG00000067715"	965.164878749563	-1.91991976436879	0.420130757087614	-4.56981483021585	4.88155332139929e-06	0.000802283288371973
"ENSG00000069535"	1790.75649730819	1.04725966063856	0.270681778872911	3.86896992106093	0.000109296122958348	0.00761223179307442
"ENSG00000070193"	78.2679810847775	2.04654216465551	0.393148960723066	5.20551335272915	1.93461034890939e-07	7.2972868062387e-05
"ENSG00000078295"	177.964433142617	-2.06312370562779	0.488108833296159	-4.2267698613354	2.37069913382416e-05	0.00262873647647922
"ENSG00000079337"	720.446860667001	1.2043795732832	0.233597879230878	5.15578128212734	2.5257557698693e-07	8.70421006586163e-05
"ENSG00000084674"	47.2845301517577	-2.37623918763589	0.519245710811257	-4.57632896750039	4.73206236500179e-06	0.000788985673596566
"ENSG00000086696"	70.2182839570832	1.81753329531565	0.449977516527921	4.03916468836033	5.36418928534353e-05	0.00464002373182215
"ENSG00000087494"	3124.45882835856	-2.53059882697965	0.609002892913326	-4.15531495240336	3.24839761502484e-05	0.00330718498779232
"ENSG00000089116"	13.9109606400185	-3.19224162871283	0.813706359654028	-3.92308796759325	8.74212133563219e-05	0.0066385303568172
"ENSG00000089250"	253.426610750415	-3.25201816424228	0.561678644720074	-5.78981984594235	7.04619587082725e-09	5.22986841264078e-06
"ENSG00000090512"	36.6401124388912	-4.30339963409134	0.908682922118327	-4.73586498584042	2.18122768442375e-06	0.000456253343553692
"ENSG00000090932"	32.186793753719	-2.64076036437611	0.686695128630012	-3.84560812255149	0.000120253822390264	0.00811138468492154
"ENSG00000099399"	19.5134280543276	-4.55537673865725	1.17472197333381	-3.87783394034018	0.000105390611242235	0.00741569594517607
"ENSG00000100033"	2507.46667534605	1.8252101783452	0.451085142913533	4.04626533819375	5.20412423261175e-05	0.00455416177917848
"ENSG00000100604"	75.702075084541	-4.00552226355012	0.762802371985651	-5.25106162573059	1.51225070575473e-07	5.79922941478508e-05
"ENSG00000101977"	31.3355081530203	2.06801537828075	0.40757278542436	5.07397807762742	3.89583959046568e-07	0.0001195191641827
"ENSG00000102010"	139.90603776253	1.49131336523699	0.378138942716021	3.94382380858604	8.01925855705591e-05	0.00636259034963101
"ENSG00000102195"	22.1161186082417	-4.95085860629926	1.10801529675802	-4.46822225359627	7.8872335426294e-06	0.0011919658935208
"ENSG00000102904"	90.5179170827213	1.00032709918999	0.23742648658076	4.21320769049803	2.51769355732495e-05	0.00273252882360801
"ENSG00000103740"	30.1775024246242	1.32070756529769	0.274611982110879	4.809358845691	1.51415173471856e-06	0.000338986479460004
"ENSG00000103811"	20160.4018666171	1.09507015917459	0.277252257253863	3.94972495452725	7.82410478682491e-05	0.00625086205000189
"ENSG00000104267"	1995.2488957527	1.2580365333464	0.302969862676808	4.15234875915167	3.29080234556267e-05	0.00332098440138161
"ENSG00000104327"	240.210441388984	-3.43712910603619	0.637589249715014	-5.39082035585214	7.01367619898674e-08	3.16426815024482e-05
"ENSG00000104725"	282.464016173321	-3.27860074358749	0.723306689911734	-4.53279471808505	5.82083780622798e-06	0.000930080951968748
"ENSG00000105889"	163.316670195397	-1.76668405670958	0.418064527579882	-4.22586452607368	2.38025166561478e-05	0.00262873647647922
"ENSG00000107518"	128.73310299107	-2.29739593807299	0.568461151248282	-4.04142997815795	5.31262450876427e-05	0.00461276140838328
"ENSG00000110680"	537.827074395418	-3.89265281212962	0.850241173912398	-4.57829252636345	4.68786813901444e-06	0.000787322321245133
"ENSG00000111012"	489.237955598224	1.07081985311071	0.283249383047523	3.78048432653091	0.000156523573349722	0.0097074148226516
"ENSG00000111215"	144.924055227757	1.28132663860538	0.263790818350496	4.85735874590939	1.18961945029242e-06	0.00028512452012269
"ENSG00000111404"	111.212126988373	2.6897382476126	0.595211107714292	4.51896514153043	6.21426240099167e-06	0.000986096300582189
"ENSG00000111432"	490.457799051507	-2.06058970591235	0.542774701163461	-3.79639968755985	0.000146812729662178	0.00933153065413552
"ENSG00000113396"	36.7420425101961	2.65446908427731	0.489160630033275	5.42657957590892	5.74442208292253e-08	2.75361266054093e-05
"ENSG00000114638"	1618.71389174921	-7.4052231337062	0.994352134664596	-7.44728439307273	9.52810830766579e-14	7.30774146836941e-10
"ENSG00000114948"	2074.21133793304	-2.706395844147	0.568649362344852	-4.7593403305458	1.94226702103238e-06	0.00040999653107279
"ENSG00000115138"	14.2911240537179	-2.89926417885032	0.593853097356556	-4.88212352811822	1.04949474720901e-06	0.000265360710313539
"ENSG00000116147"	50.3768447219306	-3.26861524814673	0.549973468585935	-5.9432235095828	2.79470956108935e-09	2.47321047273481e-06
"ENSG00000117407"	235.451497031251	-1.74414003717294	0.449006000869439	-3.88444705370452	0.000102563039434547	0.0073061082797198
"ENSG00000118004"	70.1813941790101	-1.57211151609162	0.401269226339829	-3.91784720306517	8.93433063968483e-05	0.00667412575243347
"ENSG00000119125"	621.903843965046	-4.14808585327992	0.667848974155592	-6.21111361071511	5.26104178565554e-10	6.05256552230741e-07
"ENSG00000120057"	54.4996135003295	2.82723643303668	0.571654451021913	4.94570877211328	7.58673111271789e-07	0.000202980344386658
"ENSG00000120645"	125.725291415098	-1.3727758600826	0.342244756703452	-4.01109391216206	6.04380617641703e-05	0.00505679768411562
"ENSG00000122733"	95.8390430255428	-2.08703279976423	0.435111439553607	-4.7965477577546	1.61423484520495e-06	0.000349411670641719
"ENSG00000123838"	14769.0235701404	1.962999043591	0.50237581109526	3.90743144920005	9.32824951895147e-05	0.00679220548042894
"ENSG00000124479"	41.9815351541504	2.25946048185017	0.534529390111897	4.22700888603558	2.36818318781538e-05	0.00262873647647922
"ENSG00000124593"	993.566212338121	1.02211503867294	0.244559243662444	4.17941691087223	2.92257473608538e-05	0.00308465697718296
"ENSG00000124713"	29.2267562674726	1.07451697543533	0.281250527429636	3.8204976369481	0.000133182681332827	0.00868102072177625
"ENSG00000125285"	360.667441384824	-2.8905784216307	0.570979270748393	-5.06249275537091	4.1380979501132e-07	0.000120523412321715
"ENSG00000125780"	54.5431893501243	-2.05051888635798	0.525990969597464	-3.89839180685406	9.68336484300297e-05	0.0070285344376232
"ENSG00000128040"	26.7832833521192	-1.86737964264919	0.464060078753818	-4.02400406357691	5.72169290616833e-05	0.00487594192881582
"ENSG00000129151"	129.176258475814	2.7560714136359	0.471823553429563	5.84131799610836	5.17894388134104e-09	4.10904550916469e-06
"ENSG00000131016"	4842.49019214324	1.25153931456678	0.299136006979634	4.18384709752441	2.86616926258374e-05	0.00305313372975876
"ENSG00000132185"	378.77877451414	-1.51066058231326	0.362162307736283	-4.1712253043552	3.02966123585081e-05	0.00312598544285612
"ENSG00000132639"	341.332969919115	-1.69187936164902	0.43104305705899	-3.9250820398146	8.67001846703069e-05	0.00663232515935187
"ENSG00000132874"	87.7145275132291	-2.64331105768229	0.619276400805714	-4.26838654636797	1.96891924721994e-05	0.00237519043334853
"ENSG00000133048"	8693.0232832226	1.39276163717613	0.332111856654526	4.19365225682058	2.74498682389201e-05	0.0029376465967875
"ENSG00000133067"	289.878759812939	1.57887881202162	0.385190854142383	4.09895197417642	4.15025133798408e-05	0.00391365299326539
"ENSG00000133636"	6253.62531910755	-6.1645033137013	0.835404545819041	-7.37906364593402	1.59406620287149e-13	9.16946731546753e-10
"ENSG00000135111"	1405.4728803303	1.07676268123607	0.253723423316297	4.24384421100037	2.19722919505126e-05	0.00255333568428962
"ENSG00000135324"	314.630899739057	-3.15434809215887	0.57499102963248	-5.48590835264865	4.11350132237329e-08	2.15108072560198e-05
"ENSG00000136928"	180.892424609741	2.27775382733329	0.53605788803972	4.24908182148515	2.14648511882406e-05	0.00253274236405245
"ENSG00000137198"	446.687428116511	1.39605009202074	0.257476915781108	5.42203982747557	5.89227493377109e-08	2.76684395818651e-05
"ENSG00000138829"	1917.01802364226	-2.42431238927804	0.608999364007312	-3.98081267823613	6.86800573955499e-05	0.00570490772784912
"ENSG00000139055"	752.998503822821	1.18645031890321	0.305567666319327	3.88277442176536	0.000103271364459465	0.00733386057051802
"ENSG00000139352"	278.6730351366	-4.61363333135188	0.840665610182457	-5.48807192237891	4.06344623260249e-08	2.15108072560198e-05
"ENSG00000139364"	71.6919776371069	2.19980829434063	0.380669864544274	5.77878234983	7.5243187920067e-09	5.41022034641507e-06
"ENSG00000139973"	38.5015459935625	2.20307184305944	0.53884295140577	4.08852307952052	4.34128360325165e-05	0.00404524236874116
"ENSG00000140519"	748.235273770606	-4.19018960578312	0.826682037796454	-5.06868350127964	4.00576677059047e-07	0.000119699594317553
"ENSG00000143469"	142.022161174967	-3.8969824237027	0.731572136728706	-5.32686009766367	9.99250688293927e-08	4.10567126552767e-05
"ENSG00000143473"	24.1585498550863	-3.50286641360853	0.717136242453887	-4.8845201319382	1.03681049443042e-06	0.000265066362959439
"ENSG00000144191"	271.134698035182	-2.70758069955081	0.689797832230244	-3.92518006442076	8.66648856371445e-05	0.00663232515935187
"ENSG00000144847"	210.475905286741	-2.06465248868694	0.522096388213456	-3.95454275359366	7.66811594943789e-05	0.00618886879442102
"ENSG00000144857"	564.975251898608	1.13032777703294	0.292047858140192	3.87035119596852	0.000108678677451906	0.00760057048477481
"ENSG00000144893"	166.332193001975	-1.51039068640259	0.345807211436828	-4.36772466406042	1.25547625517186e-05	0.00166978341937857
"ENSG00000145087"	147.563345965219	-4.5644593896195	0.793025910391026	-5.75575063791906	8.62576360050557e-09	5.83735866717743e-06
"ENSG00000145198"	25.3872987612791	-2.04612282902666	0.479401782761367	-4.26807513572631	1.97166922843048e-05	0.00237519043334853
"ENSG00000145526"	20.1869977337856	-5.31945769979483	1.03048563161261	-5.16208818115242	2.44210195046248e-07	8.64466519664479e-05
"ENSG00000145920"	185.138562489703	-5.44907065385358	0.895413724213865	-6.08553399004201	1.16103688792533e-09	1.21428626155791e-06
"ENSG00000147402"	148.73413154044	-3.0110158316026	0.655019460934257	-4.59683415712256	4.2895877945836e-06	0.000753428439431864
"ENSG00000147465"	38.5506493752033	-2.30248476644015	0.555424364420762	-4.14545150326878	3.39144777440961e-05	0.003390432278589
"ENSG00000148053"	8332.3122872931	-4.03252875040989	0.63083002441279	-6.39241728255339	1.63283562640049e-10	2.34811968299055e-07
"ENSG00000148600"	382.10731477026	-2.21709142779853	0.511574534910042	-4.33385807248674	1.46518654667944e-05	0.00191548166207655
"ENSG00000148798"	220.248630701584	-3.47466242125068	0.656400006823012	-5.2935136885024	1.19988255978918e-07	4.76001686520503e-05
"ENSG00000148942"	111.509757852614	-2.46935347639708	0.515382509901078	-4.79130243839871	1.65702130144349e-06	0.000353022251156603
"ENSG00000150551"	96.0459922988532	1.91865188682277	0.394357086078441	4.86526540172561	1.14303319574518e-06	0.000279787774477669
"ENSG00000151640"	75.6535244992173	-1.84006368053919	0.435502280660303	-4.22515280000211	2.38778705543117e-05	0.00262873647647922
"ENSG00000152092"	81.4336638529987	-2.61893424327255	0.606289704156476	-4.31960863811178	1.56306148033348e-05	0.00202047649443782
"ENSG00000152268"	5858.52941707944	1.37535317621749	0.269366061855797	5.10588886640729	3.29243157899202e-07	0.000108222226001468
"ENSG00000154165"	283.220352562038	-2.22249256744054	0.350063867248563	-6.34882024502819	2.16972375716039e-10	2.77350966269463e-07
"ENSG00000154277"	3440.43553029274	-1.8435687368869	0.456097535725332	-4.04204932603959	5.29860827108889e-05	0.00461276140838328
"ENSG00000154917"	1593.05464201086	-1.48162064789241	0.38877091701641	-3.81103776811029	0.000138384620253576	0.00889411097043166
"ENSG00000156076"	3686.44227009058	2.45838127632895	0.633789943282079	3.87885813334025	0.000104947934052183	0.00741569594517607
"ENSG00000156096"	37.201885798858	-2.60851629774639	0.605022231359192	-4.31143875802103	1.62195699659533e-05	0.00206185682511945
"ENSG00000156140"	300.380766582906	1.39136393287697	0.276130628059901	5.03878886110068	4.68486949784611e-07	0.000133079212686347
"ENSG00000156427"	58.4777575970954	1.47228952701745	0.374612038106731	3.93017142336995	8.48853210245378e-05	0.00661821974704825
"ENSG00000157890"	127.512918649652	3.43493549577114	0.521223413738064	6.59014043735445	4.39410732844611e-11	9.0281827876265e-08
"ENSG00000159217"	356.62642142432	-3.26602120798229	0.701513663981087	-4.65567725288147	3.22917451906127e-06	0.000614050219083313
"ENSG00000159263"	230.382981691142	-1.66744146283479	0.411352138428834	-4.05356216015702	5.04435883111109e-05	0.00448129931834113
"ENSG00000159337"	57.930398975934	-1.75535817356712	0.450917202287108	-3.89286140485154	9.90687555906379e-05	0.00712493247633811
"ENSG00000159648"	103.635395752284	3.38368006837833	0.46546562083548	7.26945217200971	3.60948289920061e-13	1.66101184055414e-09
"ENSG00000159674"	695.296743193582	1.5754402489304	0.286636568836778	5.49629886836778	3.87844984653344e-08	2.12474410759257e-05
"ENSG00000159708"	361.756073541996	2.15517280387126	0.358850089184026	6.00577474781132	1.90420406853288e-09	1.89470484655766e-06
"ENSG00000160111"	926.497720434731	1.57153269756006	0.370299438643398	4.24395106651367	2.19618262014711e-05	0.00255333568428962
"ENSG00000160678"	55.9691859932915	1.08018986254643	0.252337108684458	4.28074122025861	1.86271859982933e-05	0.00226768742134778
"ENSG00000162669"	56.7169498117021	-1.36436045016304	0.336466744940108	-4.05496373915318	5.01420805094896e-05	0.00448129931834113
"ENSG00000163053"	2073.21446645365	-2.14581809034557	0.39317605357758	-5.45765203862337	4.8247197705368e-08	2.41330385218003e-05
"ENSG00000163209"	1236.80900838318	-4.88225692489639	0.947578508411015	-5.15235084118085	2.5724120321552e-07	8.70421006586163e-05
"ENSG00000163286"	44.1414756701107	-3.06443401143236	0.779913166434593	-3.92919897152339	8.52292971248257e-05	0.00661821974704825
"ENSG00000163485"	290.375914181952	1.91810363997593	0.372172426256183	5.15380373358345	2.55255099042372e-07	8.70421006586163e-05
"ENSG00000163631"	56.1041651645847	2.44466381098789	0.559524110237319	4.36918403739741	1.2471163579566e-05	0.00166830815582695
"ENSG00000164176"	5800.69460699022	1.1848415193255	0.259963167212964	4.55772843525507	5.17098363859319e-06	0.000837881426340779
"ENSG00000164411"	137.56163696253	-2.17340156511874	0.553858585703974	-3.92410918818975	8.70512494295391e-05	0.00663232515935187
"ENSG00000164616"	33.6793410713683	-6.43009391180061	1.38918626143654	-4.62867657872697	3.68009991707457e-06	0.000672027134856896
"ENSG00000164675"	64.8506775221401	1.04031095436581	0.252449002433243	4.12087567920143	3.77435064921165e-05	0.00364890899528197
"ENSG00000164736"	115.136847502203	1.64576344259672	0.246977466331055	6.66361780710267	2.67167698984677e-11	7.28824191141061e-08
"ENSG00000165643"	9.78612847215225	-6.04807262353207	1.36225912408189	-4.43973728390935	9.00687596809659e-06	0.00131999496273844
"ENSG00000166206"	783.880974860575	-2.27742489039462	0.513852044198169	-4.43206350175835	9.33355184836455e-06	0.00135066474515107
"ENSG00000166492"	21.6043131946716	1.3990491042121	0.285910457095289	4.8933121174572	9.91529694602536e-07	0.000259251212989883
"ENSG00000166634"	24.2821827911171	-4.7294428199544	1.14931493443843	-4.11501032331515	3.87162086791169e-05	0.0037272855460159
"ENSG00000167941"	195.442861088511	-3.66817504393658	0.75056950036384	-4.88718905065876	1.02285864790835e-06	0.000264437692468801
"ENSG00000168077"	1345.89358037492	1.24781856336972	0.271748035886543	4.59182182972868	4.39393415513648e-06	0.00076015060883861
"ENSG00000168309"	1195.4756048061	2.07172200512261	0.323312257679803	6.40780532105396	1.47629243380831e-10	2.26453417396636e-07
"ENSG00000168490"	81.5853673117827	1.57603042206471	0.340081016205901	4.63427932451987	3.58183090462215e-06	0.000659314778275609
"ENSG00000168676"	40.6386685962814	2.13467717159287	0.356255361699813	5.99198608943768	2.07293661352618e-09	1.90784794162495e-06
"ENSG00000169297"	138.66400306852	-7.81821122831048	1.30309118599659	-5.99974223778605	1.9763099794595e-09	1.89470484655766e-06
"ENSG00000169347"	40.5664415029776	-5.22096447897879	1.13874664129013	-4.58483414103751	4.54346953112657e-06	0.000774375484753269
"ENSG00000169418"	709.364226143226	1.53655578645584	0.276636055191556	5.55443065941585	2.78518044514808e-08	1.64318504775416e-05
"ENSG00000169474"	333.455215867203	-4.54868720111976	0.986985357705221	-4.60866735824291	4.05258097004351e-06	0.00072283593441652
"ENSG00000169860"	757.27850408999	-1.44279967478443	0.36785593439049	-3.92218675818033	8.77489335336044e-05	0.00664149740682469
"ENSG00000169862"	235.408700228387	-4.32655276133408	0.659309685619346	-6.56224662810737	5.30030541754322e-11	9.0281827876265e-08
"ENSG00000170627"	205.096058576743	-3.00672203074641	0.472063709091497	-6.36931408375567	1.8987542448124e-10	2.5699080246405e-07
"ENSG00000171234"	50.2888233438808	2.38358064325097	0.604584995199396	3.9425071117831	8.06342584478121e-05	0.00637564829081
"ENSG00000171401"	1575.71357283253	-3.81162404616116	0.760818677393441	-5.00989809979397	5.445886305948e-07	0.000152810241479948
"ENSG00000171560"	3006.34589219282	-2.57384442631068	0.666625461231104	-3.86100528107249	0.000112921462430442	0.00772590982786199
"ENSG00000171658"	2614.14391610106	-4.44688375089403	0.678197660004481	-6.55691402837434	5.49326607096228e-11	9.0281827876265e-08
"ENSG00000171759"	137.857473266543	-2.74851479328069	0.655153558892012	-4.19522225892956	2.72604143021844e-05	0.00293100407793907
"ENSG00000172771"	89.711439056014	1.03929167663616	0.269699626198028	3.85351545082624	0.000116433912197531	0.00787949378162644
"ENSG00000172828"	335.565734152183	1.81562542553519	0.410463814416757	4.42335076020056	9.71817704038362e-06	0.00138666366075523
"ENSG00000173253"	337.590567217827	-2.77417640342658	0.589486815842303	-4.70608727603624	2.52516446096037e-06	0.000514172646745461
"ENSG00000173404"	29.472536129678	-2.43184940406571	0.615844626489881	-3.94880347974534	7.85427969825552e-05	0.0062532568019779
"ENSG00000173805"	445.102725398194	-2.99659811235431	0.588630596506929	-5.09079570470312	3.56564035705809e-07	0.000113946970799375
"ENSG00000174788"	20.289893353652	1.17476211596309	0.309342779739883	3.79760638651695	0.000146100078188226	0.00931195761504958
"ENSG00000175147"	65.3488313931703	1.80107890686029	0.274252981497791	6.56721723506511	5.12642335017607e-11	9.0281827876265e-08
"ENSG00000175697"	119.56522903511	-1.68553979294538	0.392317438488164	-4.29636724648484	1.73619862364047e-05	0.00214149792348347
"ENSG00000175868"	26.5764656542272	-2.93786613943373	0.630699325739719	-4.65810889521412	3.19127400648451e-06	0.00061190019679335
"ENSG00000177301"	47.0190603335819	-1.33033688930551	0.339610797139556	-3.91723967703782	8.95686859451364e-05	0.00667412575243347
"ENSG00000177699"	40.3333617750227	1.85136719092255	0.385016854500014	4.80853544275809	1.52040075005209e-06	0.000338986479460004
"ENSG00000177791"	94.3280241521523	1.5061306892969	0.355542968536492	4.23614252729151	2.27392470414212e-05	0.0026030215680401
"ENSG00000178233"	15.484494944458	-3.93794480630922	0.741116447087818	-5.31353044691315	1.07521460884249e-07	4.34028297102752e-05
"ENSG00000178734"	10.7390257044099	1.55405113056721	0.396770139848485	3.91675424758692	8.97491561024559e-05	0.00667412575243347
"ENSG00000178826"	193.404495165902	1.52367399263548	0.376569006618855	4.04620126949979	5.2055480373938e-05	0.00455416177917848
"ENSG00000178919"	1141.76351211049	-3.90324600291053	0.755087017221637	-5.16926647378024	2.35014598051819e-07	8.52202236214501e-05
"ENSG00000179059"	59.227537363848	-3.60587670682229	0.853384344203275	-4.22538417925719	2.38533484428213e-05	0.00262873647647922
"ENSG00000179242"	63.1494804959083	1.68164990693364	0.439429234581148	3.82689583349306	0.000129769397057628	0.00858006912902002
"ENSG00000179915"	124.961759050754	-2.58599799290712	0.675221198152267	-3.82985309108136	0.000128219783256531	0.00850204320734733
"ENSG00000180318"	23.8524781486542	-3.53380934438979	0.879337954828787	-4.01871581339605	5.8516197205233e-05	0.00496826266234394
"ENSG00000180336"	95.450923359783	-1.63017291533359	0.417067557593198	-3.90865433106556	9.28116493493798e-05	0.00677987639658843
"ENSG00000180347"	183.643095172418	2.725803775148	0.692626118960184	3.93546200544697	8.30368008426426e-05	0.00652079778357803
"ENSG00000180509"	188.27255634558	1.59838755978784	0.270674382522038	5.9052044190318	3.52209745056203e-09	3.00147926814747e-06
"ENSG00000180525"	40.7610741125179	-2.4134212062396	0.53715481894785	-4.49297133918836	7.02362404012413e-06	0.00110689428451518
"ENSG00000181085"	284.185328747105	1.68133306205776	0.358255696803118	4.69310907561574	2.69083924530912e-06	0.000533737243063083
"ENSG00000181234"	47.8504577555634	3.3260343280906	0.567527417032124	5.86057030598459	4.61280184612456e-09	3.79056991705286e-06
"ENSG00000181449"	2730.24307398694	-2.44557187339131	0.55459454925841	-4.40965724719342	1.03534356617628e-05	0.00145257439720427
"ENSG00000182050"	25.5695151666954	-2.76783051615478	0.668171798488966	-4.14239350181207	3.43699980235204e-05	0.00340870381259992
"ENSG00000183091"	439.660739364879	-1.44598948337604	0.310008474355346	-4.66435469669961	3.09586991711202e-06	0.000603118763427018
"ENSG00000183166"	25.2284990841552	-4.70351960719415	0.811535700004936	-5.79582587329866	6.79857753309226e-09	5.21428234863066e-06
"ENSG00000183379"	37.1537977161277	1.53379629243819	0.343196004203612	4.46915544951453	7.85290456745406e-06	0.0011919658935208
"ENSG00000184226"	255.488170605824	1.44297027650877	0.350820212443373	4.11313323841536	3.90324951076751e-05	0.00373049035822406
"ENSG00000184530"	9.24905628016353	1.58404859254841	0.40526884580702	3.90863647412636	9.28185086238148e-05	0.00677987639658843
"ENSG00000185559"	177.622150584318	-7.88384785406466	1.62649749983591	-4.84713186147535	1.25259176534936e-06	0.000291163838560606
"ENSG00000186529"	1315.01735524646	-3.18586391987736	0.653260761334762	-4.87686404639995	1.07785668916184e-06	0.000269569614792661
"ENSG00000186732"	32.3471204444063	-4.73893963304839	1.0307000587632	-4.5977872929734	4.27001600580387e-06	0.000753428439431864
"ENSG00000187054"	314.90286933792	-6.31511723001758	0.949059624473327	-6.65407848692552	2.85080521546767e-11	7.28824191141061e-08
"ENSG00000187068"	295.368582716098	-1.13109839993725	0.286080480069675	-3.95377692201081	7.69271361295325e-05	0.00618886879442102
"ENSG00000187416"	98.0583914236403	2.59322088141434	0.514156422780268	5.04364190841313	4.56753734826281e-07	0.000131368083557724
"ENSG00000187533"	10.0390660761284	-15.1656220884203	2.9472110894144	-5.14575360512562	2.66448965501588e-07	8.88510760467541e-05
"ENSG00000187689"	161.56029468446	-4.17317648646572	0.866825193794204	-4.81432302192233	1.47699731494757e-06	0.000336477536828007
"ENSG00000188269"	16.0198973310225	-3.56469015429583	0.863676895421261	-4.12734226560169	3.66979986138773e-05	0.00356570709837804
"ENSG00000188373"	112.907325196467	-4.98619841609043	1.27375949854729	-3.91455248952188	9.05720338219663e-05	0.00670087436080265
"ENSG00000188385"	217.84720400279	-1.82070180028241	0.447737946009439	-4.0664451528172	4.77357133026523e-05	0.00435853582293939
"ENSG00000188488"	176.259915737404	2.76368567682322	0.513738700172278	5.37955516276356	7.46701128462161e-08	3.3040088970742e-05
"ENSG00000188508"	30.6900741150631	-3.10707154355294	0.778442322360228	-3.99139596384269	6.56855027873577e-05	0.00547593381751563
"ENSG00000188676"	56.718811202954	-1.40627032195109	0.368647060776388	-3.81467932767296	0.000136359886333152	0.00878852836033473
"ENSG00000188730"	20.7976425790211	-3.39863355774365	0.67103106718626	-5.0647931577813	4.08844023322246e-07	0.000120523412321715
"ENSG00000189398"	21.76001788195	2.04036537946159	0.353941328314106	5.7646994466011	8.18034879096595e-09	5.70368622216168e-06
"ENSG00000196091"	54.1830889329179	-2.90507646821188	0.632477471048851	-4.59316987748881	4.36563394907101e-06	0.00076015060883861
"ENSG00000196132"	67.7921258870008	-2.55033228043904	0.592539392630284	-4.30407212104179	1.67687035473852e-05	0.00209690815174884
"ENSG00000196344"	2234.63440753412	-4.26085038821494	0.877151492254546	-4.85759920132298	1.18817612789989e-06	0.00028512452012269
"ENSG00000196533"	288.432513493713	1.4435760691502	0.290599938332832	4.96757183580964	6.7796447250915e-07	0.000183520994681918
"ENSG00000197124"	355.976639346374	1.00889244658684	0.238452804391884	4.23099425968075	2.32660610150963e-05	0.00262873647647922
"ENSG00000197168"	65.5339982044146	1.27102934696164	0.324346863604905	3.91873481628578	8.90149832704229e-05	0.00667412575243347
"ENSG00000197249"	47780.145478775	1.95661565918117	0.345534811173213	5.66257174649863	1.49120993880182e-08	9.53090263385862e-06
"ENSG00000197291"	132.584109346419	1.18077124865106	0.297585082577014	3.96784421593271	7.25257154452602e-05	0.00595980066671425
"ENSG00000197641"	2014.06029899627	-5.76054865018904	0.939521926805071	-6.13136158490553	8.71301220635034e-10	9.54655704075785e-07
"ENSG00000197888"	55.8178014489456	-2.67053520698335	0.566669175529189	-4.71268832381689	2.44469970118223e-06	0.000502232994861625
"ENSG00000198092"	56.4048831387672	-4.94834762260669	1.0707033199041	-4.62158613933305	3.80817147950366e-06	0.000684548574780466
"ENSG00000198477"	278.811229696138	-1.19190086609201	0.311862635625625	-3.82187774338836	0.000132439348999983	0.00868102072177625
"ENSG00000198842"	12.4683100095903	1.87740034591024	0.479994288939453	3.91129725742853	9.18017006841809e-05	0.00674845153687642
"ENSG00000198848"	9581.54651659529	-1.7415422432336	0.459675609833647	-3.7886331273131	0.000151478414287801	0.00954895023109042
"ENSG00000203668"	4182.36199527707	-1.12462193076188	0.245945457993509	-4.57264769163398	4.81599530216526e-06	0.000797203136025327
"ENSG00000203685"	302.114419068834	-2.3987931016975	0.525529696980588	-4.56452435605385	5.00628080102888e-06	0.000816946914545201
"ENSG00000203799"	167.644471087095	-2.02909255308522	0.412453445946482	-4.91956746398115	8.67356695009222e-07	0.000229390921786979
"ENSG00000204529"	16.1262385696388	-4.46947713867834	0.922092651211231	-4.84710200521323	1.25278021719762e-06	0.000291163838560606
"ENSG00000204632"	105.746916896623	-2.11727427988328	0.533843520146952	-3.96609530691775	7.30596582430269e-05	0.00598231201606336
"ENSG00000205683"	81.8091194098303	1.13706251891691	0.25741665947084	4.41720641256988	9.99847398329809e-06	0.00141137968025586
"ENSG00000211599"	291.797351865874	-1.90751013670445	0.494930085924802	-3.85410018697929	0.000116156027159412	0.00787949378162644
"ENSG00000211672"	22.6937715118211	-2.26354822144797	0.583681736880411	-3.87805216168986	0.000105296144039436	0.00741569594517607
"ENSG00000211945"	1515.57185472449	-2.13477449490556	0.478174174257375	-4.46442867438619	8.02826866414347e-06	0.00119949632268362
"ENSG00000213981"	15.9690342566355	2.1959532844908	0.452325519797839	4.85480740832897	1.20503800548803e-06	0.000285842468745094
"ENSG00000213988"	181.76138847149	1.52845010014045	0.333602178172442	4.58165503748714	4.61310411943006e-06	0.000780462593264457
"ENSG00000214128"	347.95717841041	3.28230978508889	0.635163529433594	5.16766097703355	2.37041779815412e-07	8.52202236214501e-05
"ENSG00000214456"	130.326873373194	1.2241861363927	0.310786060841567	3.93899949398556	8.18221027986739e-05	0.00644741357292701
"ENSG00000214595"	375.517138071681	-1.21288264057678	0.296517099423965	-4.09043067982593	4.30572891627913e-05	0.004043694556517
"ENSG00000215267"	61.8825564321893	-2.46554573225273	0.493094490421705	-5.00014861278239	5.72861416848569e-07	0.000158806847473117
"ENSG00000215481"	37.6235944810592	1.86107207482588	0.382049506680431	4.87128511432051	1.10874706222741e-06	0.000274313560804199
"ENSG00000223414"	249.051547223283	-3.28949894483344	0.86061594945482	-3.82226119201865	0.00013223351661677	0.00868102072177625
"ENSG00000223552"	46.47793806253	1.00746887005398	0.248278360876907	4.05781988609741	4.95329450431086e-05	0.00445196692381596
"ENSG00000223648"	191.546993994363	-2.19660605136677	0.574872288946977	-3.82103311222465	0.000132893806125907	0.00868102072177625
"ENSG00000223756"	99.4174947315103	1.93405632616875	0.294111311892571	6.57593315171499	4.83489746864637e-11	9.0281827876265e-08
"ENSG00000224034"	42.0930988339196	-2.81382142490823	0.498008578405578	-5.65014649730925	1.60311156315858e-08	9.96918755586911e-06
"ENSG00000224124"	15.6728912445587	1.53189096009127	0.391158271688634	3.91629442853932	8.99204217156059e-05	0.00667412575243347
"ENSG00000224930"	9.76462686053454	2.84809186930401	0.718905952663403	3.96170299988809	7.44170731837207e-05	0.00605039730347785
"ENSG00000224984"	33.1547439043713	-4.01657956541614	0.936293809546604	-4.28987089785539	1.78777013161933e-05	0.00218802143395899
"ENSG00000225329"	243.060869680758	2.24495166624588	0.530185010325533	4.23427977503076	2.29285351068979e-05	0.00261169635779512
"ENSG00000225473"	32.6093338883919	2.07899065756682	0.546227319684839	3.8060905828847	0.000141180693253238	0.00902340714184376
"ENSG00000225523"	246.812842203082	-2.20684625018494	0.508102641942848	-4.34330796184517	1.40353168018857e-05	0.00184536345311194
"ENSG00000225826"	43.6573479015904	-2.91752009844642	0.703930193629195	-4.14461565202198	3.40384135057612e-05	0.003390432278589
"ENSG00000225889"	288.132075745904	-1.00041865537963	0.255752145549584	-3.91167258139649	9.16591216544694e-05	0.00674845153687642
"ENSG00000226496"	15.4074838281914	1.60040995068639	0.36720114122982	4.35840135280175	1.31015952880064e-05	0.00173249773552723
"ENSG00000226674"	82.931003549301	-1.27359971523819	0.331891404826912	-3.83739891035261	0.000124344394680855	0.00832837904192404
"ENSG00000226779"	21.2427766045687	2.67230841386918	0.679597386031986	3.93219348513416	8.41742718501435e-05	0.00658763884693861
"ENSG00000227640"	214.62300638284	-1.96136089911751	0.511773923083977	-3.83247526036154	0.00012686036029195	0.00843621395941465
"ENSG00000227906"	12.855566981204	-1.58623733394372	0.410889516780861	-3.86049599505774	0.000113157095570841	0.00772590982786199
"ENSG00000228203"	135.674481213555	1.47642115189875	0.341362664623999	4.32508093269363	1.52475871991921e-05	0.00198210019133452
"ENSG00000228295"	10.6400208415851	-7.41563976160264	1.78711304046376	-4.149507945887	3.33190722551045e-05	0.00334776652191135
"ENSG00000228577"	15.5990276516683	-3.61358723099251	0.815703797513893	-4.43002379295771	9.4222692083626e-06	0.00135498120134509
"ENSG00000228956"	64.6939485240348	-1.09907852135253	0.288046776565825	-3.81562513719491	0.000135838593287631	0.00878852836033473
"ENSG00000229155"	85.5491567833745	2.04082831960622	0.454481046437374	4.4904585914067	7.10699912092326e-06	0.00111241457668927
"ENSG00000230699"	18.7828012968598	1.82464534853994	0.450318998265877	4.05189511338945	5.08044410494375e-05	0.00449599763117888
"ENSG00000231322"	266.696311634236	2.92518105015713	0.624353939214213	4.68513268906198	2.79778620564075e-06	0.000550207374406736
"ENSG00000231453"	20.0951603442404	-3.08682785438231	0.764970233015463	-4.03522610574563	5.45497405894427e-05	0.00470088007948497
"ENSG00000231532"	12.2009870003411	-6.11760255704959	1.44307633592344	-4.23927855010863	2.24239275990303e-05	0.00257976075063044
"ENSG00000232383"	8.78285316390674	-21.4228503314726	1.94500926289995	-11.0142664819662	3.2618257094142e-28	7.50513477479114e-24
"ENSG00000232855"	75.5889306046329	-2.17083864068071	0.519782426491457	-4.17643715916662	2.96110496199215e-05	0.00309691200320351
"ENSG00000233491"	40.279803145422	3.92250904142907	1.0146964692217	3.86569694525276	0.000110772418323782	0.00763288438251295
"ENSG00000234068"	10.1411468865384	-6.11639807102273	1.48734408927709	-4.11229527526179	3.91744812186499e-05	0.00373049035822406
"ENSG00000234350"	67.6688655029992	1.79837000201196	0.391913002350472	4.58869695883106	4.46021359142441e-06	0.000765858615858838
"ENSG00000234899"	41.3173987250079	1.99552998986689	0.415296398851287	4.80507414797369	1.54694164645575e-06	0.000338986479460004
"ENSG00000234997"	10.0693171927008	1.74769796594943	0.420488416397722	4.15635222706433	3.23369162075286e-05	0.00330684491119567
"ENSG00000235277"	10.1164765670426	-4.91562269666257	0.891456572149047	-5.51414712756271	3.50475325564909e-08	1.96685043071293e-05
"ENSG00000235601"	19.5740132949241	-3.68034561672208	0.820026417933328	-4.48808176936235	7.18673460103201e-06	0.0011172944353726
"ENSG00000235621"	49.7878078299505	-2.0182433747494	0.372826258494275	-5.41336166315225	6.18523833611324e-08	2.84632297751259e-05
"ENSG00000237515"	64.9972849479426	-3.74107190172981	0.8867850289881	-4.21869086581074	2.45724907251323e-05	0.00267956606205957
"ENSG00000239819"	45.4325823245328	-2.38110851080404	0.51170524400011	-4.65328143247155	3.26693869380356e-06	0.000616139282014149
"ENSG00000239855"	720.295519921453	-1.81333894814661	0.478004218523526	-3.79356264626221	0.000148501142780872	0.00941188205254642
"ENSG00000240382"	1183.19005480079	-2.42463393226453	0.459488955341519	-5.27680568613974	1.31455146305282e-07	5.12652790057327e-05
"ENSG00000240583"	23150.04215902	1.72221865242702	0.387123828415237	4.44875392836767	8.63698973731075e-06	0.00128211933461796
"ENSG00000240834"	321.931293409935	-2.27628224454459	0.560820930314986	-4.05883967858709	4.93171565499411e-05	0.00444995472571606
"ENSG00000241155"	21.3794539156017	-1.36826347263566	0.285338482885532	-4.79522936688691	1.62488803332018e-06	0.000349411670641719
"ENSG00000241732"	657.442385327268	-1.38973566410968	0.35019785249463	-3.96843000095493	7.23477016680319e-05	0.00595980066671425
"ENSG00000241794"	893.319937806533	-5.31184525109103	1.04517307849589	-5.08226375169871	3.72963039682575e-07	0.000117554884658306
"ENSG00000242076"	82.8236459614588	-3.2082311953227	0.599436003906647	-5.35208291529706	8.69475392262272e-08	3.70477024084493e-05
"ENSG00000242512"	327.102347402601	-4.33942796848161	0.855660307073362	-5.07143773365376	3.94821450231461e-07	0.000119532194057575
"ENSG00000242575"	18.2574997766111	-4.56053252860835	0.839212785763537	-5.43429819704077	5.50125164195914e-08	2.69315529850719e-05
"ENSG00000242808"	313.425501753342	-2.98074843667617	0.546056299756891	-5.45868335921264	4.7967832878153e-08	2.41330385218003e-05
"ENSG00000243004"	23.4715175031317	2.00110724335092	0.394237317983226	5.07589503091145	3.85676178509902e-07	0.0001195191641827
"ENSG00000243352"	34.8574338848795	2.39294050913576	0.515339083722902	4.64342912213979	3.42673583391239e-06	0.000635852941955567
"ENSG00000243587"	50.1759045168679	-1.5230695554996	0.324390422606962	-4.69517423868268	2.66379567758419e-06	0.000532967606482909
"ENSG00000244122"	447.532284289944	-4.8546987311824	1.0867500504926	-4.46717138773711	7.92606291923518e-06	0.0011919658935208
"ENSG00000246877"	18.7520468848705	2.0674297340456	0.331917129708589	6.22875274879826	4.70163108125823e-10	5.69367523940371e-07
"ENSG00000247844"	332.304669112351	-7.27277829351884	1.01986920240746	-7.13108923806214	9.95777299037377e-13	3.81863997892517e-09
"ENSG00000249199"	13.129552447061	-4.19531610700016	0.988159719798138	-4.24558502329683	2.18023814034335e-05	0.00255333568428962
"ENSG00000249379"	34.3353760518334	-1.78423281750642	0.450179189041419	-3.96338360577184	7.38948993247577e-05	0.00602924729987003
"ENSG00000249464"	76.7311493664444	1.50885977552295	0.326412614113211	4.62255351136529	3.7904498989915e-06	0.000684548574780466
"ENSG00000249628"	97.2899251549106	-3.42516722257471	0.672693160224289	-5.09172298025551	3.54824262529748e-07	0.000113946970799375
"ENSG00000250519"	15.5921980608825	-2.73422944807547	0.621154136452658	-4.40185340097765	1.07330070349306e-05	0.00148768529437781
"ENSG00000250669"	8.12976645602355	-3.48231764631773	0.894725615351183	-3.89205091099455	9.94003791952946e-05	0.00712493247633811
"ENSG00000253497"	17.2012227082273	-2.33032751666963	0.548087493058212	-4.25174364710805	2.12112577749467e-05	0.00251572077393685
"ENSG00000253955"	19.5065300181783	1.01743767839464	0.268805734926438	3.78502965598215	0.000153690249953998	0.00963558300052192
"ENSG00000254166"	30.8101415180551	-5.09053306412639	0.951723912301541	-5.34874977746018	8.8563886134318e-08	3.70502992011731e-05
"ENSG00000254761"	21.3350603589706	-3.80552703570973	0.88414023840586	-4.3042120134372	1.6758112405336e-05	0.00209690815174884
"ENSG00000255468"	78.3317351676367	1.05217814871188	0.237362031726958	4.43279888134014	9.30176260364195e-06	0.00135066474515107
"ENSG00000255471"	47.2891141764159	1.29949499149643	0.250092244189563	5.19606273960038	2.03553585714166e-07	7.55413621564071e-05
"ENSG00000255559"	31.4022910391075	1.13781986358479	0.2361629398366	4.81794418875391	1.45044926802222e-06	0.000333733872079233
"ENSG00000255571"	169.586048300402	-2.1712886052076	0.435175857692916	-4.9894509698187	6.05511400324421e-07	0.000165859664405531
"ENSG00000256229"	932.833830770004	1.37501964446279	0.332412292100924	4.13648856296	3.52660923753489e-05	0.00348256446122061
"ENSG00000256234"	27.1436574556806	2.16090532172287	0.375925798010027	5.74822300880035	9.01862393438191e-09	5.92884337446267e-06
"ENSG00000256463"	7.56263687578904	-4.06930688738642	1.05018527425532	-3.87484664577109	0.000106691867642192	0.00748436945908295
"ENSG00000256894"	32.193986669273	1.2102844698956	0.316339996978604	3.82589770960092	0.000130296389272014	0.0085902281397128
"ENSG00000256995"	23.4507838823409	-4.26518748587136	0.968846932207903	-4.402333685623	1.07092677976583e-05	0.00148768529437781
"ENSG00000257443"	22.6152977525158	3.69800119715034	0.462929090076369	7.98826705087876	1.36848757510203e-15	1.57437653077613e-11
"ENSG00000258077"	38.7934348882501	-2.37943348465755	0.551842969174282	-4.31179450961906	1.6193489730907e-05	0.00206185682511945
"ENSG00000258088"	22.1329895637003	-2.3732954327544	0.584453829226799	-4.06070644775164	4.89244541754216e-05	0.0044319006540247
"ENSG00000258346"	17.5319695356763	-3.93394796564204	0.958236976300553	-4.1054019652109	4.03612428312378e-05	0.00382169479960473
"ENSG00000258732"	25.2975030787476	-1.97637945002364	0.451453099177479	-4.3778178810257	1.19873450131516e-05	0.00161296386788074
"ENSG00000259261"	195.093038886883	-2.60086068246689	0.6035155934792	-4.30951695460463	1.63611515703545e-05	0.00206842712352905
"ENSG00000259370"	13.2168852356496	1.40837173765815	0.345602418794131	4.07512118280947	4.59903913939203e-05	0.00423277166233085
"ENSG00000259796"	40.7921062683851	2.21404091920486	0.536456958402872	4.12715481554466	3.67279143950452e-05	0.00356570709837804
"ENSG00000260019"	18.2400091186927	-5.7736717127658	1.49317999695806	-3.86669505654244	0.000110320232355529	0.00763288438251295
"ENSG00000260139"	16.9004415788319	1.60267109717408	0.383182266726236	4.18252940269572	2.88283720412168e-05	0.00305673738385418
"ENSG00000261026"	26.2571992358719	2.23930975183842	0.418027725176028	5.35684505350802	8.46876860555331e-08	3.67656409141842e-05
"ENSG00000261409"	52.7216627317959	-3.63095618022722	0.894143274000088	-4.06082144305977	4.89003604041569e-05	0.0044319006540247
"ENSG00000261634"	16.2799673947841	1.65106018911997	0.420262626769254	3.92863910315415	8.54279310214842e-05	0.00661821974704825
"ENSG00000264175"	23.8235259924681	1.82895095694071	0.466543327328656	3.92021672973646	8.84693705194996e-05	0.00667407129928907
"ENSG00000266010"	68.6403526156862	1.5308795798643	0.346168454380353	4.42235437831734	9.76311500031936e-06	0.00138666366075523
"ENSG00000266968"	90.6674778365328	-2.89333095347863	0.696794009118507	-4.15234763160334	3.29081856453999e-05	0.00332098440138161
"ENSG00000267056"	477.314131694674	-2.64572906324917	0.653377191705636	-4.04931346982363	5.13681015706507e-05	0.0045284622568548
"ENSG00000267336"	10.7576071415639	-1.71670892718626	0.404665753201653	-4.24228863847244	2.21251879946513e-05	0.00255818316868809
"ENSG00000267385"	19.3155917351921	1.48492621728609	0.361126008915419	4.11193373123642	3.92358932022349e-05	0.00373049035822406
"ENSG00000267710"	72.5602768319479	-1.97752621060302	0.507962519081625	-3.89305536593193	9.89895490423568e-05	0.00712493247633811
"ENSG00000268204"	43.0285799195703	1.06499244952231	0.257943651745084	4.12877945364131	3.64694004293361e-05	0.00356570709837804
"ENSG00000269113"	79.3366474002537	1.14328628351852	0.29795874411546	3.83706236550485	0.000124514858986565	0.00832837904192404
"ENSG00000269416"	93.158930333505	-2.25923124693498	0.597486239901558	-3.78122724183107	0.000156057141909676	0.00970464534648577
"ENSG00000269994"	183.202429174831	-2.25225974710473	0.550882719077879	-4.08845598002199	4.34253928931751e-05	0.00404524236874116
"ENSG00000271996"	22.08158439388	-5.73740811748369	0.811451657108537	-7.07054827878215	1.54322731524236e-12	5.07258818520163e-09
