"ENSG00000002726"	525.822541791718	-1.37487389408146	0.298773619614916	-4.6017245292724	4.19007139462367e-06	0.000321364509062987
"ENSG00000003987"	272.84834561813	-1.11388087860377	0.234585802967227	-4.74828768201028	2.05146094531759e-06	0.000191101477290739
"ENSG00000005981"	74.9165594062192	-1.16276105598149	0.228393752089091	-5.0910370592271	3.56110410477812e-07	4.62923414388925e-05
"ENSG00000007314"	57.1312993356867	-1.25033976393521	0.299783373347211	-4.17081090913958	3.03517640913547e-05	0.00150185750532899
"ENSG00000007402"	2304.88095541931	-1.13684451541494	0.218475485154577	-5.20353354341149	1.95534439180827e-07	2.92598250994621e-05
"ENSG00000009694"	719.949589901211	-1.13716693117511	0.264146161591602	-4.30506702926574	1.66935182625588e-05	0.000948397930131397
"ENSG00000009765"	724.047545273681	-1.22173314816719	0.319768586629391	-3.82067907621949	0.000133084733281012	0.00435137743980933
"ENSG00000012817"	2111.02805779331	11.5210628334479	0.253941899466238	45.368892875355	0	0
"ENSG00000013297"	372.334701260665	1.0026488777683	0.192934661623839	5.1968312449898	2.02714228188147e-07	2.94427175274994e-05
"ENSG00000015520"	45.3781940903666	-1.88381031269894	0.281465299764734	-6.69286876312475	2.18837387406725e-11	1.08771690634443e-08
"ENSG00000021852"	176.270255793101	-1.2059782108407	0.33452955998681	-3.60499745041439	0.000312155992903748	0.00768172726842891
"ENSG00000023839"	888.177221722693	1.20976038855071	0.303984332491917	3.9796800665142	6.90080744592344e-05	0.00278161971203402
"ENSG00000036473"	12.9637632845943	-1.28022871698712	0.33228745129071	-3.85277479487805	0.000116786795277552	0.00397751097634622
"ENSG00000036828"	19.6159026623206	-1.86054661115633	0.324537905192775	-5.73291002803253	9.87220077758563e-09	2.09820687911622e-06
"ENSG00000039537"	221.04479737586	-1.03019295356397	0.26365518766064	-3.90734945405273	9.33141463218927e-05	0.00341442301552489
"ENSG00000043355"	181.19620736742	1.27908157616023	0.317705591705293	4.02599642422007	5.67345508748963e-05	0.00237480745565067
"ENSG00000063015"	10.5777008619365	-1.72034606669429	0.286350987263506	-6.00782306753911	1.88030871874119e-09	5.21253292885737e-07
"ENSG00000065325"	47.148697145344	1.23682972913563	0.333370003217651	3.71008104267896	0.000207192910898619	0.00586383971324272
"ENSG00000067048"	3280.71068575435	11.2454396957241	0.24714208616751	45.5019210613203	0	0
"ENSG00000067646"	574.765553420844	11.6112091595635	0.309567434335623	37.5078508644906	6.86008087423418e-308	2.25490858336078e-304
"ENSG00000068985"	2.51775587185459	4.1809453833767	1.05660418990485	3.95696460729842	7.59081723360996e-05	0.00294791906364064
"ENSG00000069482"	55.398906493565	1.23485236627165	0.340790312721964	3.62349609180091	0.000290647597518555	0.00737322003451425
"ENSG00000069764"	50.5946292202272	-1.09393488190788	0.228822938305262	-4.78070463568873	1.74681847282594e-06	0.000168169649544987
"ENSG00000070729"	83.0929203656803	-1.52118686190572	0.276792392182686	-5.49576832625415	3.89012941631749e-08	7.16063901920392e-06
"ENSG00000072080"	23.9720238867603	-1.81774681291266	0.415549499426822	-4.37432078589896	1.21811145906807e-05	0.000750014095456156
"ENSG00000075673"	333.778786332442	1.80154249868871	0.326033056352428	5.52564368424446	3.28279782451967e-08	6.19130288068631e-06
"ENSG00000078399"	37.9256042442842	1.0635110013284	0.229287878388664	4.63832195928668	3.51249325869564e-06	0.00027965037158937
"ENSG00000078579"	15.3384607132638	-1.34702607944588	0.284301146729437	-4.73802548790918	2.15810673934034e-06	0.00019783218312941
"ENSG00000078898"	187.376009454979	-2.62566940875524	0.504969314198002	-5.19966131590661	1.99651985771461e-07	2.92598250994621e-05
"ENSG00000079689"	7.60879089459941	-2.68837139309536	0.519483131790232	-5.17508890775865	2.27802478147377e-07	3.2354982837611e-05
"ENSG00000086159"	27.8692078931072	-1.38466571252578	0.288126726802901	-4.80575241280199	1.54170592962154e-06	0.00015094941163686
"ENSG00000091129"	2135.1489668828	1.09912100618767	0.231630942989178	4.74513893525453	2.08363270377751e-06	0.000192539377032999
"ENSG00000091583"	247.776236460276	-1.69528775639175	0.343745019139499	-4.93181766134557	8.14679475598871e-07	9.3258507731614e-05
"ENSG00000091656"	308.484212010515	1.00028788538026	0.197953223586349	5.05315279669556	4.34575955512935e-07	5.55508786688729e-05
"ENSG00000092377"	17.5024226450375	7.58918582046508	0.43753360576205	17.3453780932942	2.13767030744497e-67	2.73253645022229e-64
"ENSG00000095981"	4.84948259224969	-1.78974422145898	0.439402520118316	-4.07313144443747	4.63852281199083e-05	0.00204459332147695
"ENSG00000096088"	8155.66837375351	-2.4982836341803	0.372275971619354	-6.71083772426427	1.93510217126453e-11	9.89439241302791e-09
"ENSG00000099725"	536.298907492093	9.75944875546213	0.309797096262019	31.5027121726403	7.97445294355773e-218	1.668038070712e-214
"ENSG00000099937"	471.136240769256	-1.9560477220954	0.293683040895613	-6.66040407416871	2.73075753127425e-11	1.23200000072724e-08
"ENSG00000100593"	22.7957840403303	1.7607439549159	0.382124978414441	4.60776985116699	4.07010803500606e-06	0.000314258777776693
"ENSG00000100867"	107.489845996612	-1.54189176514672	0.255005993284359	-6.04649226195773	1.4803333884992e-09	4.28917007848087e-07
"ENSG00000101076"	43.0118259851114	-1.2294859775899	0.34141230813458	-3.60117649040717	0.00031678043187015	0.00774580335483557
"ENSG00000102010"	139.90603776253	-1.25986623657472	0.208404176677075	-6.0453022423197	1.49130169185306e-09	4.28917007848087e-07
"ENSG00000102195"	24.1289316947385	2.57726199993799	0.581074171515867	4.43534083302068	9.19267310384466e-06	0.00061131276140567
"ENSG00000102970"	92.0614883266761	-1.28886143317786	0.240556491669519	-5.35783268301285	8.42261832704535e-08	1.43878205378999e-05
"ENSG00000103056"	275.921464587214	-1.04541216482993	0.183228918351632	-5.70549765961993	1.1600365161551e-08	2.40461983785699e-06
"ENSG00000104321"	141.00561260628	1.01782802195862	0.248583283290455	4.09451516001319	4.23052733711358e-05	0.00193519291251782
"ENSG00000104760"	1175.38545398018	-1.81912068065525	0.443303917540479	-4.10355200727307	4.06854940890259e-05	0.00188295908484946
"ENSG00000104888"	40.4123383454729	1.26992993747492	0.203867386356132	6.2291961464425	4.68834508911839e-10	1.71228781199246e-07
"ENSG00000105641"	63.6343430140177	-1.56702614211842	0.310868129298756	-5.04080667790956	4.6357358644499e-07	5.82861456312174e-05
"ENSG00000105642"	11.3313586430489	1.25798915569877	0.267323991926409	4.70585953259696	2.52798545934676e-06	0.000217936478401642
"ENSG00000105880"	239.950583914982	1.51085078900602	0.31835018849586	4.74587684758246	2.0760500225464e-06	0.000192539377032999
"ENSG00000105889"	163.316670195397	1.33233163642072	0.225206169949579	5.91605299587937	3.29758999012274e-09	8.24720087855806e-07
"ENSG00000106031"	119.931387862629	2.01978085940586	0.495455578897288	4.07661341487201	4.56963717554606e-05	0.00202978343189458
"ENSG00000106113"	34.3603997981882	-1.17684370717248	0.23844776850464	-4.93543602673546	7.99718915761121e-07	9.20036626637381e-05
"ENSG00000106258"	582.575629915757	-1.11333417731559	0.242043666491362	-4.59972447721668	4.23050101917835e-06	0.000323387368605564
"ENSG00000106689"	28.1079701095207	1.65497730087567	0.333879098091304	4.95681613595079	7.16577291842802e-07	8.45524456821078e-05
"ENSG00000106804"	2096.85000051745	-1.02433615145059	0.210286266700391	-4.87115096731459	1.10950021860535e-06	0.000114993200585092
"ENSG00000106927"	99.6343576358937	-1.85504614790413	0.339364178486201	-5.4662402973081	4.59681086077431e-08	8.32819063744536e-06
"ENSG00000108176"	1337.45422320166	-1.16539013207698	0.276274476970222	-4.21823305886702	2.46224246677427e-05	0.00128243936637583
"ENSG00000109193"	93.5294104269069	1.02853906241031	0.290616407611168	3.53916377559264	0.000401396738830244	0.00900590415763659
"ENSG00000109758"	7.00060766854559	-1.40135577126688	0.351785300760289	-3.98355408323835	6.78922117554705e-05	0.00275995035385445
"ENSG00000110195"	3597.91193678043	-1.10547753326901	0.253552968867626	-4.35994710772309	1.30093885299264e-05	0.000787718475487041
"ENSG00000110680"	518.494832137052	-2.90582923288586	0.484092776679117	-6.00262877876404	1.94148162704263e-09	5.25547655960282e-07
"ENSG00000111218"	65.5810799348342	-1.19707684616345	0.322424309060707	-3.71273757134131	0.000205029451709919	0.00584575297942197
"ENSG00000111262"	26.814108668459	1.78093324624075	0.36495355389627	4.87989013184658	1.06144955508883e-06	0.000112692426383187
"ENSG00000111432"	490.457799051507	1.4831966873229	0.296984546798136	4.99418809265871	5.90837940490634e-07	7.11758647787905e-05
"ENSG00000113430"	32.257200262964	2.32179377587805	0.647652167070676	3.58493940718132	0.000337156473019938	0.00801230430008081
"ENSG00000114374"	1298.12582021419	11.5624711376051	0.290024234859348	39.8672584834594	0	0
"ENSG00000115386"	27.157836798691	-2.5887248575375	0.542167576904469	-4.77476884973082	1.79913783434844e-06	0.000171498246593298
"ENSG00000115718"	74.6323136916224	-1.25614822418374	0.266937291316235	-4.70578021523268	2.52896865284186e-06	0.000217936478401642
"ENSG00000115844"	7.36690372932952	1.94847902012751	0.442869530760364	4.39966826523865	1.08416484679227e-05	0.000689103562426614
"ENSG00000115850"	44.8294980571986	-1.43945396435116	0.33510741443721	-4.29550019586592	1.74299883348238e-05	0.000976935261021507
"ENSG00000116031"	657.540828995715	-1.0358459637083	0.295830141230052	-3.50148892672428	0.000462666197392045	0.00985693197758664
"ENSG00000116147"	50.3768447219306	-2.71055861187911	0.303613678047473	-8.92765645247145	4.35128497217116e-19	4.3529876488994e-16
"ENSG00000116299"	3860.7026651576	-1.15697426793004	0.235919314621408	-4.90410999110732	9.38518921488797e-07	0.000103819143579499
"ENSG00000118271"	19.4980700082436	-3.77938828736646	0.569663363341439	-6.63442399595077	3.25772155543532e-11	1.44147913978868e-08
"ENSG00000119457"	187.294079464412	-1.2031018991862	0.222573001869017	-5.40542603587752	6.46545274019666e-08	1.15320621782314e-05
"ENSG00000122136"	10.0228511728323	-1.84578678602647	0.432208070765007	-4.2705976840262	1.94949808472639e-05	0.00108347829544613
"ENSG00000122691"	237.288648652822	1.14667845667641	0.233333972173213	4.91432278804729	8.90898659128327e-07	9.99935963311399e-05
"ENSG00000122824"	72.8571424728047	1.33617511996749	0.281103019383405	4.75332894999978	2.00094394828779e-06	0.000188687374205548
"ENSG00000123838"	14769.0235701404	-1.11008311332914	0.283719391315218	-3.91260924458917	9.13042114002578e-05	0.00338773804743118
"ENSG00000123843"	469.460885901711	-1.3943429699597	0.298417666290484	-4.67245450744337	2.97621451297513e-06	0.000244054956584607
"ENSG00000124302"	6.37954246995941	2.62487066713989	0.427336478657144	6.14239784861861	8.12849521714173e-10	2.58440698717724e-07
"ENSG00000124469"	31.4879055523972	-2.08546183686166	0.408041421286944	-5.11090719732378	3.20615460083462e-07	4.23967880520711e-05
"ENSG00000124701"	23.7268091616368	-1.1030113560828	0.209664931802746	-5.26082901226667	1.43407347290957e-07	2.24466643116846e-05
"ENSG00000124780"	162.767968187804	-1.3091519439676	0.192655689448524	-6.79529344664072	1.08092282551053e-11	5.78394262608648e-09
"ENSG00000124939"	58.9789831748456	-2.05150953160444	0.333983071253828	-6.14255544121663	8.1204320382754e-10	2.58440698717724e-07
"ENSG00000125780"	84.9335135250067	2.17890114859433	0.312239448214239	6.9783019444081	2.98769014853935e-12	1.76266058019851e-09
"ENSG00000125851"	727.409380940865	-2.214139378887	0.416798117180459	-5.31225859143782	1.08274810239877e-07	1.77949650629238e-05
"ENSG00000126262"	222.15689837295	-1.15703647130335	0.225793340055875	-5.12431620444178	2.98619477950793e-07	4.02397893011566e-05
"ENSG00000127831"	886.632843509149	-1.49406219278552	0.42609352685016	-3.50641842374414	0.000454180631206161	0.00975746231878856
"ENSG00000128510"	185.561714367128	1.46737765779874	0.35502672774709	4.13314700870649	3.57829687252236e-05	0.0017117054623673
"ENSG00000129538"	22638.9704900607	-1.09194685939077	0.176157289949379	-6.19870378174278	5.69300613233264e-10	1.95508027013197e-07
"ENSG00000129824"	3720.53027736726	11.4151375583242	0.261437619198393	43.6629494765317	0	0
"ENSG00000130294"	716.673993722811	1.62207714391331	0.423147059991388	3.83336503376941	0.000126402166242335	0.00419076000442345
"ENSG00000131002"	1776.49918241695	11.4405212525842	0.269153683574075	42.5055347586785	0	0
"ENSG00000131910"	96.5529794833897	-2.15424899663119	0.353280269168654	-6.09784690693485	1.0750663052539e-09	3.34272981318743e-07
"ENSG00000132464"	109.022383271746	-1.04230724016465	0.268163923746818	-3.88682871879787	0.00010156236297687	0.00361879385162824
"ENSG00000132874"	169.503525760919	-2.66320305172768	0.363245123928102	-7.33169663209248	2.27257072833527e-13	1.41323188887206e-10
"ENSG00000133067"	289.878759812939	1.01930808887768	0.215213822546047	4.73625753596563	2.1770091399082e-06	0.000198454646908632
"ENSG00000133124"	42.6295701707363	3.61265396848225	0.519787059092642	6.9502576204737	3.64619747791082e-12	2.09263092340081e-09
"ENSG00000134240"	99.9638862497689	-1.67323617668618	0.399917321608845	-4.18395524843695	2.86480530301283e-05	0.00142985477694192
"ENSG00000134443"	129.295118641569	-1.85766469953195	0.332534973094898	-5.58637391502823	2.31859742944777e-08	4.55971010719348e-06
"ENSG00000134765"	40.9545345759206	1.19786066490548	0.341015799974846	3.51262511881807	0.00044370303671176	0.00962422469289397
"ENSG00000134962"	277.092124259461	-1.98434536449913	0.279028448649195	-7.11162382941791	1.14685496053901e-12	6.94420678606368e-10
"ENSG00000135333"	428.993307642311	1.42407062889023	0.33923653346185	4.19786929891611	2.69438052157424e-05	0.00137461200489804
"ENSG00000135346"	30.6225088017525	-2.17134505234978	0.602457098822171	-3.60414883747715	0.000313177560605857	0.00768381811870708
"ENSG00000135697"	111.531807821332	-1.0643871345477	0.251079818620743	-4.2392381052157	2.24279676153129e-05	0.00120010489967613
"ENSG00000135744"	531.743561346614	-1.37184568479471	0.25860953163179	-5.30469884902754	1.12859158188353e-07	1.82871575405339e-05
"ENSG00000135773"	332.234568744078	-1.0789946217144	0.232318312731137	-4.64446650386587	3.40956358835323e-06	0.000272398085432012
"ENSG00000136110"	67.2885779028968	-2.37316534123277	0.62260767816575	-3.81165447272398	0.000138039747789581	0.0044483985390623
"ENSG00000136883"	249.917300388472	-1.14761168666944	0.242108734603462	-4.74006726171633	2.13647283769824e-06	0.000196632414090395
"ENSG00000136928"	153.925393499672	-1.09131913352076	0.292428281723898	-3.73192061686821	0.000190025390206855	0.00554156426269903
"ENSG00000136931"	7.15951207941624	1.8916243633929	0.447418505676453	4.22786348663194	2.35920852635817e-05	0.00123677047705073
"ENSG00000136943"	1055.94975241763	1.03619002561584	0.239477682425995	4.32687511887897	1.51239649940675e-05	0.000885463894525444
"ENSG00000137441"	121.588974637746	1.85449800688017	0.296662196009977	6.25121108055777	4.07281976796312e-10	1.53625426296825e-07
"ENSG00000137860"	104.301913557624	-3.67708613807566	0.368864983412457	-9.96865059962608	2.09049649429568e-23	2.2904873255833e-20
"ENSG00000138308"	136.762019323559	-1.85851406760672	0.334236385158423	-5.56047800339214	2.69036761211597e-08	5.15855569893136e-06
"ENSG00000138315"	46.3486360903121	-1.44901503523035	0.234083298704915	-6.19016838555822	6.00999783291102e-10	2.03358882555073e-07
"ENSG00000138829"	1773.60608989437	1.82127290549405	0.327429129881286	5.56234231863969	2.66177506589223e-08	5.14662037740457e-06
"ENSG00000139352"	230.51177748621	-1.72185033785489	0.460723435214487	-3.73727535056534	0.000186025170375588	0.00545255177728904
"ENSG00000140015"	19.1850781808285	2.24876167266431	0.582676036606787	3.85936872530398	0.00011368030383251	0.00391567381868595
"ENSG00000140557"	61.0169163695644	1.13533925535933	0.299208474151268	3.79447560293813	0.000147955828516898	0.00463172198414328
"ENSG00000142973"	5404.62971068011	-1.28005471682433	0.258962055206211	-4.94302038113278	7.69214387278064e-07	8.93819182005904e-05
"ENSG00000143536"	7.05261052168263	3.83867455146822	0.918996601462839	4.17702801659756	2.95342659977137e-05	0.00146455587573576
"ENSG00000144191"	273.757692328619	-2.31211037031912	0.370761688188194	-6.23610918813575	4.48588049457031e-10	1.664768133864e-07
"ENSG00000144339"	19.6155678271811	2.27764031717795	0.337476867141862	6.74902649318632	1.48840413189793e-11	7.78333878882716e-09
"ENSG00000144355"	32.1313885634293	1.51745027984258	0.399226206325835	3.80097863266043	0.000144125731527013	0.00454627645883175
"ENSG00000144407"	80.1075018341809	1.29150506244723	0.335614091987934	3.8481848446747	0.000118996254559961	0.00400909888252106
"ENSG00000144852"	30.3684905919344	-1.04654122967833	0.235229917071744	-4.4490141505221	8.62653332835686e-06	0.000578681939802224
"ENSG00000145040"	63.3408000288429	1.15851962535579	0.32254039437452	3.59185902157287	0.000328327460252767	0.00788568531623791
"ENSG00000145321"	2.69059151620584	-4.25467681570218	0.932265554201106	-4.56380351770925	5.02350961195788e-06	0.000371658947464755
"ENSG00000145681"	258.412644733838	1.38204184572012	0.261190987199788	5.2913075620905	1.21444932946695e-07	1.95407444907029e-05
"ENSG00000145794"	169.284192284229	1.00434314310068	0.256836505635193	3.91043765611434	9.21290379154721e-05	0.00340256345649614
"ENSG00000146147"	17.7936408379685	1.16346697883162	0.29172460096895	3.9882374505517	6.65660188474019e-05	0.00271563391429055
"ENSG00000146411"	981.9890919227	1.31605412181856	0.229692687778071	5.72963003110544	1.00649910969202e-08	2.10532163771853e-06
"ENSG00000147003"	349.98644500479	-1.3425428314961	0.218618969037972	-6.14101711943816	8.19947455621447e-10	2.58440698717724e-07
"ENSG00000148702"	1226.80533239529	-2.00518884770546	0.33812876964099	-5.93025210435207	3.02469913906458e-09	7.64783543854252e-07
"ENSG00000150394"	155.786725699152	1.35313298201606	0.276531827166206	4.89322692394022	9.91959185801724e-07	0.000108685661457676
"ENSG00000151079"	29.2300152373002	1.12774561527522	0.222854153877692	5.06046486301599	4.1823553087091e-07	5.37607895520043e-05
"ENSG00000151655"	130.518249083298	-1.63204726366727	0.276853153534545	-5.89499249992694	3.74698400112875e-09	9.27036073999693e-07
"ENSG00000151952"	68.66280303898	-1.66852548576696	0.309241719424043	-5.3955381210354	6.83184850569705e-08	1.19624908684749e-05
"ENSG00000152092"	72.8255525577231	1.42146212348048	0.324426660269696	4.38145904007648	1.17887207772566e-05	0.000731123116883818
"ENSG00000152292"	23.0656672932371	-1.21576162946815	0.206807899749279	-5.87870014125216	4.13500640526937e-09	1.01215279126429e-06
"ENSG00000152779"	181.048195634967	-1.09452420940308	0.207748323954674	-5.26851041956846	1.37535237131008e-07	2.16749881585436e-05
"ENSG00000152910"	19.8618195194526	1.27418284957046	0.334998102937952	3.80355243326993	0.000142635785803567	0.00453929017365736
"ENSG00000153253"	257.060138202308	-1.96446185156251	0.246906558474805	-7.95629676140403	1.77264936418111e-15	1.31570610388526e-12
"ENSG00000153446"	4893.91525821157	-1.28411818909815	0.282007721734982	-4.55348591591016	5.27642056586575e-06	0.000386640639490462
"ENSG00000154027"	43.4936547326482	1.73350277683252	0.249529209557828	6.94709360841695	3.72888295273299e-12	2.09263092340081e-09
"ENSG00000154162"	53.3636090718257	1.81357186567208	0.459398379256029	3.9477106310411	7.89020909199906e-05	0.00301571131225592
"ENSG00000154198"	15.0635383086523	-1.34349546274921	0.267464084662478	-5.02308735935374	5.08474019340867e-07	6.32404254649406e-05
"ENSG00000154620"	48.8115943874449	9.03246872251553	0.315673176678124	28.6133551718444	4.58315219235601e-180	8.11182683030149e-177
"ENSG00000156076"	3686.44227009058	-1.8119505076965	0.35188310444885	-5.14929669764776	2.61465004835866e-07	3.55979189128311e-05
"ENSG00000156096"	53.292242615649	-2.02137914383005	0.352515717594008	-5.7341532389715	9.80006994852969e-09	2.09820687911622e-06
"ENSG00000156466"	37.9914645078381	1.41837530891172	0.243036866709929	5.83605001213494	5.34528573637654e-09	1.22989679508288e-06
"ENSG00000157152"	79.2779024062802	1.13635151605286	0.268365816464685	4.23433778199691	2.29226180355471e-05	0.00121557080629694
"ENSG00000157399"	743.276799929594	-1.46670203501367	0.271903863963831	-5.39419342421987	6.88320398974538e-08	1.19624908684749e-05
"ENSG00000157404"	5441.40777998853	-1.02122437978653	0.197558685447166	-5.16922036343291	2.35072584992585e-07	3.29803970005756e-05
"ENSG00000157680"	89.8236068890604	1.00102440621502	0.202062455415498	4.95403465308107	7.26902523451806e-07	8.53331640923602e-05
"ENSG00000157890"	78.1405354789765	-1.02093589852801	0.272303463254239	-3.74925785492048	0.000177358653590023	0.00522515398265409
"ENSG00000158485"	80.373171367351	-1.10196001316864	0.22463990239319	-4.90545090800414	9.32129530640897e-07	0.000103610475219886
"ENSG00000158488"	255.783055625933	-1.00586645392915	0.211277827449413	-4.76087086880895	1.92759359450287e-06	0.000182518522699245
"ENSG00000159648"	64.4798106026655	-1.01676909092268	0.240043711064965	-4.23576642108947	2.27773457516103e-05	0.00121557080629694
"ENSG00000160180"	1200.48429943889	-1.19358970057906	0.33922994284258	-3.5185269630899	0.000433949715609485	0.00950400637156567
"ENSG00000160963"	42.9854682139712	1.1022546773876	0.226622992894999	4.86382543671687	1.15138467692011e-06	0.000117743155694466
"ENSG00000161798"	758.586789200687	-1.93329084325573	0.347153145317856	-5.56898553082558	2.56226760145484e-08	4.99620468151479e-06
"ENSG00000162383"	374.322066945152	-1.30703049165047	0.303895980797216	-4.30091404375178	1.70095034984513e-05	0.000963969620679473
"ENSG00000162399"	6.87593063921458	-1.41179933318768	0.37346937156778	-3.78022788658977	0.000156684880821473	0.00478138252363564
"ENSG00000162482"	115.942723906321	-1.40315415789748	0.270676185170375	-5.18388478474481	2.17311207409777e-07	3.10566060328668e-05
"ENSG00000162624"	15.6791526481506	2.15690331344798	0.495067788442702	4.3567837855757	1.31987532351383e-05	0.000794947627589229
"ENSG00000162630"	207.180989183779	-1.1085729389516	0.209912994155375	-5.28110679099289	1.28405814876633e-07	2.03757889275617e-05
"ENSG00000162891"	7.26263085773904	1.68601730949254	0.470727902248081	3.58172375472228	0.000341334615217737	0.00807170417424964
"ENSG00000162992"	11.94189886189	-3.62932531584418	0.822933560297406	-4.41022883370142	1.03261440004443e-05	0.000667399571084895
"ENSG00000163395"	138.982475240678	-1.12055236951409	0.236854996765833	-4.73096360564401	2.23456584439967e-06	0.000201627943191341
"ENSG00000163530"	8.1995108389709	3.36446238196471	0.8755715225033	3.84259000606319	0.000121742745784628	0.00408285710195723
"ENSG00000163554"	26.4621534492633	1.11361480130349	0.243754752773636	4.5685870270503	4.91023184164329e-06	0.000364450078852808
"ENSG00000163623"	14.8649034761433	1.35760019325999	0.309192354184437	4.39079483980438	1.12937062484603e-05	0.000708056912999517
"ENSG00000164007"	3.20734195764572	2.50784073230247	0.570274267813258	4.39760458054491	1.09452150117935e-05	0.000689968362209196
"ENSG00000164266"	2902.96395491228	-2.28700636793393	0.370405858976185	-6.17432557426413	6.64464917836261e-10	2.2157497528253e-07
"ENSG00000164287"	48.1014007695575	-1.36689806463645	0.321550847362509	-4.25095463391966	2.12861284766121e-05	0.00115348341303515
"ENSG00000164434"	98.8372728667272	1.94225333049211	0.415579821423833	4.67359874172352	2.95967310043592e-06	0.000244054956584607
"ENSG00000165192"	11.8962109791709	-1.3304419742209	0.257836211023988	-5.16002763512965	2.46913392683505e-07	3.40851754508443e-05
"ENSG00000165194"	359.07672900354	1.53005579684166	0.291280361377146	5.25286287619152	1.497530291231e-07	2.32815368046852e-05
"ENSG00000165246"	252.126312421472	9.65019865154355	0.291918636013768	33.0578368798914	1.20031574704786e-239	2.76180650238241e-236
"ENSG00000165269"	115.592558295581	-1.2704180134031	0.270386003700025	-4.69853467272125	2.62034708891594e-06	0.000222876406947776
"ENSG00000165349"	8.73539329170174	1.76317764258196	0.367852685308939	4.79316235275316	1.64172658947905e-06	0.000159386021507694
"ENSG00000165376"	1575.88286997935	-2.19651657504417	0.352767207597238	-6.22653276081143	4.76870544965161e-10	1.71442412017241e-07
"ENSG00000165509"	11.8712170451049	-1.72419269469556	0.369644843442316	-4.66445758755625	3.09432141143235e-06	0.000249814881949638
"ENSG00000165731"	345.373460166557	-1.36682049741686	0.261214126902497	-5.23256729498038	1.67171761263143e-07	2.54732122841302e-05
"ENSG00000166104"	76.5888937260348	-1.30763224791554	0.241991554608178	-5.40362761846298	6.53064528663927e-08	1.15587398000218e-05
"ENSG00000166105"	875.442251484897	-1.50350024069386	0.342791608106685	-4.38604739771205	1.15428979185494e-05	0.000721713419043216
"ENSG00000166183"	31.2865726691589	-1.19206032004433	0.297296157510707	-4.00967281254349	6.08029401356468e-05	0.00251621375823938
"ENSG00000166426"	74.1141245254193	1.64958397443624	0.338169352110193	4.87798188730811	1.07176763927665e-06	0.000113120649596865
"ENSG00000166589"	10.1912255743871	-1.47120922515578	0.409570103377072	-3.59208158267671	0.000328047109834883	0.00788568531623791
"ENSG00000166743"	44.5080067193332	-1.06097333207666	0.174611524714565	-6.07619304516708	1.23069242027544e-09	3.67753271404125e-07
"ENSG00000167281"	8.29475814801262	1.22260788091044	0.309550019337331	3.94962947677321	7.82722623503305e-05	0.00300867965853824
"ENSG00000167580"	9.3970551950195	-1.3823366217193	0.338689941046645	-4.08142213331611	4.47609739633829e-05	0.00200761257295025
"ENSG00000167653"	77.5848027945314	1.18830149110397	0.301880985013498	3.93632441291669	8.27391073050382e-05	0.00312601661737541
"ENSG00000168631"	524.02903964557	-1.58588788811333	0.278657621156239	-5.69116997960784	1.26171825529484e-08	2.54656801193675e-06
"ENSG00000169271"	29.1628464821359	1.46800070792126	0.283816315385972	5.17236194094364	2.31153280216315e-07	3.26294835858723e-05
"ENSG00000169347"	37.5060645341876	-4.57930213021549	0.584019912206223	-7.84100342215471	4.46960258681205e-15	3.2137839349987e-12
"ENSG00000169562"	309.892415472295	-1.23052640388743	0.331940126263084	-3.70707337416676	0.000209668210589536	0.00590484193078902
"ENSG00000169862"	266.891215816367	-2.34477004297201	0.365848417182668	-6.40912993700686	1.46352425045435e-10	6.01325526405432e-08
"ENSG00000169903"	177.200980763438	-1.92899297555391	0.381825638342388	-5.0520257988128	4.37148636533817e-07	5.55710109282132e-05
"ENSG00000169994"	129.994974553534	-1.44959133817022	0.242188299179047	-5.98538964551114	2.15872444840796e-09	5.70920584292171e-07
"ENSG00000170214"	59.085851891531	-1.06720589123098	0.218897644864496	-4.87536488522576	1.08607513344219e-06	0.000113298585857348
"ENSG00000170367"	15.5672568284915	-1.50423671747218	0.322132453801279	-4.66962176496545	3.01754799387008e-06	0.000245338380886773
"ENSG00000170454"	62.560164175415	1.71012768583205	0.488815564882958	3.49851315851926	0.000467860002831719	0.00991251455354975
"ENSG00000170509"	179.493722294885	-1.5373987977384	0.287048947488385	-5.35587679798272	8.51425121465964e-08	1.44047357498606e-05
"ENSG00000170627"	225.919008465618	1.8030982387389	0.270037227185248	6.67722097998719	2.4351563156032e-11	1.16730232636904e-08
"ENSG00000170703"	75.4767951019712	-1.19202474716592	0.277316058361348	-4.29843390321338	1.72009179107151e-05	0.000970039020116776
"ENSG00000170890"	139.485551638727	-1.76785405532955	0.290260771272107	-6.0905717558101	1.12508141129679e-09	3.45159975900372e-07
"ENSG00000171431"	37.8818248980628	-2.31949683223813	0.509245745779294	-4.55476918847623	5.24431288803226e-06	0.000385515639746755
"ENSG00000171551"	82.9632365946572	1.39572329341392	0.289256172087494	4.82521525242249	1.39852141558665e-06	0.000139301208879797
"ENSG00000171747"	145.513738544867	-1.36833462944572	0.302402762606643	-4.52487476520052	6.04312793046427e-06	0.000431820902335567
"ENSG00000172318"	12.3094124876602	1.02731072325657	0.29211036939066	3.51685811564832	0.0004366871416535	0.0095329548788476
"ENSG00000172460"	30.8234317333101	-1.22366674320273	0.229955892052749	-5.32131067518823	1.03022290757044e-07	1.71771006378901e-05
"ENSG00000173826"	17.5405715297204	-1.85295030466296	0.315672924511627	-5.86984236145572	4.36209694710521e-09	1.05649988058888e-06
"ENSG00000174473"	104.384191222055	-1.68404995545312	0.300546144702217	-5.60329914436829	2.10309794478688e-08	4.20784179231316e-06
"ENSG00000174876"	92.5350056820128	-1.62924284111495	0.325091146830946	-5.01164936971414	5.39654695965327e-07	6.64006144356482e-05
"ENSG00000175175"	46.3519944478059	-1.21394416308768	0.233348674420576	-5.20227580508867	1.9686277583712e-07	2.92598250994621e-05
"ENSG00000175311"	53.8349375458727	-2.20040570725167	0.530397249935581	-4.14859938945558	3.34515610819632e-05	0.00161779397972009
"ENSG00000175329"	11.9862533872902	-2.95776787097991	0.641478244762872	-4.61086232483734	4.01002057399208e-06	0.000311711362793864
"ENSG00000175426"	402.722346293729	-1.10231270632147	0.289113033631733	-3.81273957965374	0.000137434900918155	0.00443529188190204
"ENSG00000176358"	19.5383372780107	-1.24860242266501	0.205681391762548	-6.07056580065581	1.27460377417049e-09	3.75991772306267e-07
"ENSG00000176692"	13.1050063294973	1.13072799195782	0.231723791814018	4.87963701571628	1.06281266135649e-06	0.000112692426383187
"ENSG00000176728"	30.0059427861203	8.16358914263507	0.313958768440523	26.0021058917537	4.68788231756825e-149	7.19089894966186e-146
"ENSG00000177398"	155.150894583044	-1.52294485951466	0.310113319597372	-4.91093017704604	9.06453636148508e-07	0.000101245590845345
"ENSG00000178084"	14.048763552479	-1.33294666417851	0.34303391628209	-3.88575764934678	0.000102011236049828	0.00362778443627587
"ENSG00000178172"	4.95449124237597	1.78250353804312	0.417990625168409	4.26445817373283	2.00387875771021e-05	0.00110568936057924
"ENSG00000178343"	276.484754141985	-1.52156351937185	0.255873095640431	-5.94655532487108	2.7384400657834e-09	7.07963679478768e-07
"ENSG00000179046"	4.59384224012889	2.30886949319956	0.559777420199601	4.12462062577708	3.71346334721002e-05	0.00175447799088204
"ENSG00000179455"	75.1285002979664	1.22954361771212	0.309404705433718	3.9739008364096	7.0705009776773e-05	0.00282439508672529
"ENSG00000179593"	1939.9410914122	-1.05460857275826	0.224275434331651	-4.70229196479336	2.57257280822338e-06	0.000220045828046141
"ENSG00000180318"	23.8524781486542	1.95295063164067	0.474972335700589	4.11171448282361	3.92731793023703e-05	0.00184415629095559
"ENSG00000180347"	156.140025966829	-1.87696408586868	0.379794473806765	-4.94205212375907	7.7304540492492e-07	8.93819182005904e-05
"ENSG00000180525"	42.4092334569161	-1.37541502063853	0.294132948705049	-4.67616778974928	2.92285485292785e-06	0.000243266850442489
"ENSG00000180537"	218.700233048987	1.2054161659905	0.240744146255711	5.00704247533457	5.52727331896306e-07	6.7647357338309e-05
"ENSG00000182836"	412.899826140378	-1.43967927014057	0.225260498371265	-6.39117501981084	1.6461583035211e-10	6.64499235188017e-08
"ENSG00000183760"	110.148521437964	1.72415599581378	0.433253873281027	3.97955125653411	6.90454730052005e-05	0.00278161971203402
"ENSG00000183878"	853.962721733388	11.4359529666687	0.310205562725879	36.8657249927345	1.63742509972501e-297	4.70943926494658e-294
"ENSG00000184106"	50.4298255110213	1.00445045887874	0.245682937494955	4.08840137259987	4.3435614555416e-05	0.00196444880660675
"ENSG00000184908"	42.1318634209531	-1.25352488877645	0.237035026584089	-5.28835297821168	1.23422633232207e-07	1.97210511669435e-05
"ENSG00000184956"	44.3906826638602	-3.33638992141987	0.433825238406766	-7.69063121747559	1.46410883726243e-14	1.02083879504761e-11
"ENSG00000185002"	7.20715098768991	-1.95660529700589	0.533493285110699	-3.66753500299426	0.000244900033521343	0.00652188063807011
"ENSG00000185087"	9.45062938150113	-2.88072720538944	0.571310622735808	-5.04231339440992	4.59937199846158e-07	5.81466759959354e-05
"ENSG00000185615"	67.1102583380313	-1.72162502514635	0.33664778170703	-5.11402456423908	3.15366319311059e-07	4.19437204683708e-05
"ENSG00000185668"	31.0325493947614	1.13248612359749	0.253110104433198	4.47428255040836	7.66683046847062e-06	0.000529748054801924
"ENSG00000186510"	40.7514271019626	-1.02003922321226	0.229630657682567	-4.44208640739221	8.90907673140873e-06	0.00059589810032844
"ENSG00000187045"	291.354546242216	-1.3123086863199	0.300820270454023	-4.3624343676683	1.28623178619221e-05	0.000782934052076628
"ENSG00000187268"	2.83945410379168	-1.08975626354612	0.311752351946522	-3.49558313431121	0.000473027072637487	0.00996533103516751
"ENSG00000187416"	78.1767264816646	-1.06415589908012	0.268221030812842	-3.96745883741927	7.26430536850094e-05	0.00286515022065789
"ENSG00000187689"	440.600317049481	2.9694171696181	0.515067583184117	5.76510203041965	8.16084551439754e-09	1.77144240038465e-06
"ENSG00000187690"	3.12679165024966	2.43760229960629	0.619082774706732	3.93744164624999	8.23549502923617e-05	0.00312175461495379
"ENSG00000187733"	38.8973217907867	-1.26174767891673	0.274662929602379	-4.59380405190944	4.35238090796224e-06	0.000328305147938688
"ENSG00000187783"	11.5333147155725	-1.65292125714142	0.284553538780682	-5.80882340885382	6.29134042602813e-09	1.43324209764833e-06
"ENSG00000188730"	26.4195173396344	2.21067988561965	0.363391438497625	6.08346716906514	1.17611009664838e-09	3.56067331760297e-07
"ENSG00000189325"	104.986213791638	-1.22624917431199	0.314839405065791	-3.89484020926714	9.82634858571884e-05	0.00354936349464372
"ENSG00000189410"	69.8713219175766	1.20332667479795	0.305942005788487	3.93318554507313	8.38274800375272e-05	0.00315161190879651
"ENSG00000196091"	74.8196836333504	-1.53381753284064	0.380805179576419	-4.02782739075859	5.62946472951429e-05	0.00236630466067989
"ENSG00000196169"	106.02607201442	-1.07179864822365	0.233101767456465	-4.59798593515094	4.26594785558291e-06	0.000325017199367904
"ENSG00000196549"	3535.91875488741	1.51618979032185	0.188676769191468	8.03591134626239	9.28858888609921e-16	7.12403805600856e-13
"ENSG00000196620"	25.8120093019539	-2.15994828786764	0.358277985089229	-6.02869385717266	1.65290050459371e-09	4.69525774199959e-07
"ENSG00000197520"	143.658437510941	-1.28031554332981	0.290444230397771	-4.40812868472678	1.04267590869278e-05	0.000670137709025479
"ENSG00000197595"	8.78944971688281	-2.39873020653986	0.537006525923887	-4.46685485323104	7.9377946025295e-06	0.00054519616719284
"ENSG00000197893"	12.1871726671959	-1.3361218043697	0.34152098291856	-3.91226856092854	9.14331490918667e-05	0.00338773804743118
"ENSG00000198183"	6121.86295668441	-1.84641347530181	0.419929320975718	-4.396962496002	1.09776303906136e-05	0.000690121031851446
"ENSG00000198597"	13.5920358526277	1.54862953167268	0.369177089423245	4.19481483559031	2.73094587274607e-05	0.00138406021114569
"ENSG00000198692"	627.167810463962	11.2202801218936	0.296968337288623	37.7827489096546	0	0
"ENSG00000198788"	9.04440823037712	1.95285119199206	0.460233435673896	4.24317539887687	2.20379053345347e-05	0.00118198173389815
"ENSG00000203645"	6.63788428108506	-1.43977593221466	0.406236845736966	-3.54417859266981	0.000393838368671893	0.00890427131949112
"ENSG00000203685"	311.249694228992	-1.28825906474216	0.298650097202093	-4.31360671505294	1.60612557543634e-05	0.000929440311805168
"ENSG00000204542"	36.1068277576516	2.14610626139794	0.570124914775129	3.7642737683976	0.000167033810152142	0.00503931099710492
"ENSG00000204711"	70.0515167013512	-1.30783712449818	0.334065669771019	-3.91491027915148	9.04378315325853e-05	0.00336168669746891
"ENSG00000204889"	23.3118155762796	-1.51982358178304	0.326574376800072	-4.65383597046094	3.25816028455274e-06	0.000261209094032313
"ENSG00000206120"	23.6158934680335	1.04816958374038	0.25171098379733	4.16417896401505	3.12474952497764e-05	0.00152973110255767
"ENSG00000211452"	66.7887854228551	-1.36985777824996	0.273748036803229	-5.00408256529204	5.61286977528067e-07	6.83314924123984e-05
"ENSG00000211898"	4409.86799132383	1.07656573540129	0.293272543044498	3.67087121155402	0.000241725124473909	0.00648991060562448
"ENSG00000211899"	42447.670413918	-1.07160513073182	0.260059335215367	-4.12061781917718	3.77857776066469e-05	0.00178158392817897
"ENSG00000214510"	42.0986146125032	-1.79945663572958	0.34473306567476	-5.21985505570065	1.7906321540015e-07	2.71056942311978e-05
"ENSG00000215568"	2.70489561339588	3.2459674774244	0.922075894326917	3.5202823296816	0.000431087664396921	0.00948269222763742
"ENSG00000215580"	43.6002618374487	8.77797186958094	0.31624436509963	27.7569273584227	1.43735118745305e-169	2.36228667657908e-166
"ENSG00000220377"	14.2318477101604	3.1479955874134	0.617929334073472	5.09442652068546	3.4979846688843e-07	4.57301870717948e-05
"ENSG00000221986"	110.86458479478	-1.57413513086184	0.300172396163163	-5.24410355843044	1.57043980558548e-07	2.42511741521586e-05
"ENSG00000222000"	11.5298987973649	-1.52410374790345	0.364050882661882	-4.18651298620523	2.83272733340331e-05	0.00142310531035539
"ENSG00000224276"	31.211966453566	-1.50085395036332	0.260244702832601	-5.76708741437371	8.06532243092682e-09	1.7673809886971e-06
"ENSG00000224930"	9.76462686053454	1.95404415170431	0.415238985344084	4.70583018616401	2.52834918587521e-06	0.000217936478401642
"ENSG00000225473"	27.9894325550542	-1.05403930204405	0.290545023302854	-3.62780022890068	0.000285846292852811	0.00728354081090844
"ENSG00000225745"	10.7339858325919	-1.5903644677827	0.453334588327639	-3.5081472023778	0.000451239294513742	0.00973061380268667
"ENSG00000225872"	10.01992944365	-1.69384214325938	0.340791878577195	-4.97031252719742	6.68450670016793e-07	7.92803168371978e-05
"ENSG00000226145"	159.428293494074	1.39652080120969	0.396881817942163	3.51873212144278	0.0004336143004145	0.00950400637156567
"ENSG00000226306"	9.82853749484066	-1.12618046575268	0.241979005697646	-4.65404204181188	3.25490391708934e-06	0.000261209094032313
"ENSG00000227117"	34.0035701213329	-1.04728649406271	0.299123047460945	-3.50118957048753	0.000463186239608058	0.00985888268930787
"ENSG00000227165"	12.3359168184832	-1.44354407910373	0.294578962221965	-4.90036378774404	9.56593605826616e-07	0.000105312259696003
"ENSG00000227201"	18.7593609389882	-1.05244025034083	0.288286889615284	-3.65066983013102	0.000261557294535008	0.00682447532931477
"ENSG00000227300"	856.008939233764	-1.47898377184863	0.284430398440633	-5.19980909198538	1.99493320895395e-07	2.92598250994621e-05
"ENSG00000228278"	85.1801522630633	-1.18640157563231	0.251103569080555	-4.72474995069347	2.30398674474302e-06	0.000206274050621759
"ENSG00000228951"	24.504061814853	1.63422275102648	0.4411499182532	3.7044611897412	0.00021184053725311	0.00593624441650529
"ENSG00000229116"	14.9409370720773	-1.07638548370757	0.233534187064924	-4.60911311202728	4.04390292532234e-06	0.000313286742116975
"ENSG00000229314"	114.48462072723	-1.06342285616139	0.251145976347215	-4.23428187713101	2.29283206542167e-05	0.00121557080629694
"ENSG00000229807"	9180.39056119711	-6.15231877541047	0.360192588855632	-17.0806367642294	2.06849100825501e-65	2.50494261099682e-62
"ENSG00000229847"	3.72552875007604	2.19371287162334	0.567853911550046	3.86316414662929	0.00011192774229041	0.0038726998832482
"ENSG00000230356"	9.8432885083078	-1.16373145684063	0.242960729772229	-4.78979239950262	1.66953951181135e-06	0.000161405187509526
"ENSG00000230439"	36.8037249214272	1.09131269495117	0.232030735155611	4.70331093947225	2.55976126889626e-06	0.000219766966552366
"ENSG00000230628"	48.496948061486	-1.87077702290839	0.291272038971257	-6.42278273436674	1.33805407532379e-10	5.59768840347729e-08
"ENSG00000231131"	28.4107009901574	1.41165981264235	0.369776468533396	3.81760315425495	0.000134754450922677	0.0043782469987287
"ENSG00000231322"	266.696311634236	1.30960681863711	0.364975274937818	3.58820695144414	0.000332959958386639	0.00797198302031028
"ENSG00000232073"	40.3579903512938	-1.69955707762133	0.273387500631858	-6.21665977300823	5.0784925203672e-10	1.78341286335119e-07
"ENSG00000232679"	23.0140564422527	1.0261052007228	0.23158372041883	4.43081749816887	9.38765158186376e-06	0.00062069102082501
"ENSG00000232928"	13.0772470331735	2.62329555381127	0.198941393444013	13.1862731450584	1.05261804884478e-39	1.21098443429348e-36
"ENSG00000233056"	24.7220047359233	-2.25562989563073	0.264930521686214	-8.5140431584637	1.67971454036008e-17	1.48648276381327e-14
"ENSG00000233338"	22.7495873354748	-1.51409633144247	0.413314701295634	-3.66330141825629	0.000248985259204459	0.00658494463107517
"ENSG00000233864"	331.440541524668	10.9469084042182	0.317061822123944	34.5261007171621	3.25616406284819e-261	8.32456432467489e-258
"ENSG00000234224"	35.0885504512005	-2.46120602284572	0.421662357831065	-5.83691187305787	5.31772039469716e-09	1.22989679508288e-06
"ENSG00000234409"	11.9673719922832	-1.19950535335207	0.245953663323479	-4.87695664762058	1.0773510141113e-06	0.000113190728236013
"ENSG00000234722"	5.6761051431743	1.28498496479994	0.359558362337119	3.57378689914921	0.000351855322975272	0.00822747878692891
"ENSG00000235884"	75.2954490319974	1.03091604981177	0.261079465465423	3.94866769002291	7.8587356025098e-05	0.00300867965853824
"ENSG00000236155"	14.191336638156	-1.39758175159369	0.255166060175863	-5.47714594421558	4.32240706929127e-08	7.89319557597801e-06
"ENSG00000236393"	22.1552336780476	-1.02607929169181	0.264094045774756	-3.8852799148942	0.000102212052437595	0.00362931653477874
"ENSG00000236975"	15.4134326592134	-1.29616551427786	0.344623207026186	-3.76110919941433	0.000169161555036849	0.00505877081764073
"ENSG00000237223"	14.5407849028366	-1.15382116891726	0.281041118189108	-4.10552440280599	4.03398693399156e-05	0.00187890699117838
"ENSG00000237515"	77.8375458590766	2.08046869817099	0.493527887686491	4.21550382476581	2.49221167954865e-05	0.0012915157327643
"ENSG00000238266"	52.3293254939454	1.05217705298858	0.272293784689488	3.86412438384681	0.000111488403295616	0.00386330824010366
"ENSG00000241859"	17.170958332708	6.81591709274615	0.30217610272804	22.5561089418131	1.16970537564624e-112	1.68210943676526e-109
"ENSG00000242512"	363.048252025574	3.07420276048164	0.469824744691416	6.54329682550201	6.01772218981703e-11	2.61248622387736e-08
"ENSG00000242808"	419.901203902504	1.17325600787222	0.32589674914029	3.6000850298975	0.000318113136323536	0.00775367071363162
"ENSG00000243024"	17.4418339475476	1.11656643446112	0.293509312123312	3.80419423964311	0.000142266517076578	0.0045338092678878
"ENSG00000243064"	32.8485821246524	-1.12847794334368	0.298190597976855	-3.78441825798702	0.000154068533693973	0.00473292775936531
"ENSG00000243236"	22.3872257036273	2.54968123435497	0.562979347087798	4.52890722820306	5.92895220416085e-06	0.000424982122322545
"ENSG00000244137"	23.525081683498	-1.5817409096434	0.263465981324908	-6.00358688316876	1.93005409558143e-09	5.25547655960282e-07
"ENSG00000244215"	14.6317375277911	-1.2131867811326	0.322776598545277	-3.75859584183089	0.000170869586365365	0.00509266620813559
"ENSG00000244472"	45.638430785312	-2.48525364136973	0.295100040683803	-8.42173262874153	3.70956873517638e-17	3.16123951954346e-14
"ENSG00000245750"	249.412885553462	-1.3514796509101	0.351306726987239	-3.84700760643045	0.000119569258658415	0.00402217700653722
"ENSG00000248596"	45.8192917810617	-1.27977540039459	0.278627324679405	-4.59314391317195	4.3661773770802e-06	0.000328305147938688
"ENSG00000249307"	28.3765583354348	1.06164781671408	0.217775055834309	4.87497437503504	1.08822580183728e-06	0.000113298585857348
"ENSG00000249715"	59.1420439119561	-1.32916639542158	0.210103994300634	-6.32623096883964	2.51221701964604e-10	9.96613817328201e-08
"ENSG00000249992"	344.888706795082	1.13297187263176	0.206009370550944	5.49961329235551	3.80625085429906e-08	7.06274402472315e-06
"ENSG00000250208"	272.955788094243	1.03362215810254	0.236190679813097	4.37621907401458	1.20755649956356e-05	0.000746899663937039
"ENSG00000250266"	27.7179034673545	-1.84005776572516	0.32328233014678	-5.69179814093061	1.25708418200676e-08	2.54656801193675e-06
"ENSG00000250439"	12.8240604074788	1.34045561987471	0.274438457441022	4.88435779873447	1.03766497884521e-06	0.000111568380832942
"ENSG00000250584"	4.22861907143379	-1.66773651115503	0.4544005785495	-3.67019011392689	0.000242370138555659	0.00649275321228767
"ENSG00000250697"	12.6024876298258	1.43042947230085	0.403997402582051	3.54068977463371	0.000399082516827657	0.00898482351241445
"ENSG00000251532"	86.407016617136	-1.12324415016209	0.257326378513239	-4.36505637957479	1.27089975220809e-05	0.00077565337927204
"ENSG00000253497"	17.7091981175561	1.06236382082765	0.297023104820256	3.57670431554658	0.00034795337481152	0.00817025734412223
"ENSG00000253593"	5.76226486729683	-1.28383369675572	0.354448437549175	-3.62206053335361	0.00029226570549641	0.00738704982581671
"ENSG00000253633"	15.9283174268385	1.14686933413949	0.256893031722349	4.46438475364733	8.02991555123311e-06	0.000549819076907539
"ENSG00000253661"	9.64150836367853	2.23385366702194	0.463313808735526	4.82147008119305	1.42504096871289e-06	0.000140724324674312
"ENSG00000253665"	93.9502614583696	-1.56146759817217	0.435659959237081	-3.58414301122963	0.000338186760231101	0.00801974389030412
"ENSG00000254054"	19.5206863268551	-1.30431397055982	0.292618479526054	-4.45738756032217	8.29645285829756e-06	0.000562804090289438
"ENSG00000254098"	24.1857766745335	1.07678611896325	0.301762647461356	3.56832142089801	0.00035927559914706	0.00833323816610352
"ENSG00000254143"	81.8691798543085	-1.69062450031466	0.345583349859225	-4.89208898809316	9.97713129419763e-07	0.000108798016089191
"ENSG00000254275"	6.12823454586394	-1.06082071034342	0.284939975605386	-3.72296203117726	0.000196899141509664	0.00569868219747906
"ENSG00000254872"	12.2245913734398	-1.65339593399393	0.320779943441613	-5.15429959945382	2.54580646951397e-07	3.48669411053851e-05
"ENSG00000255007"	35.3982181395068	-1.10612579398019	0.296557932423609	-3.72988098797566	0.000191570235301436	0.0055724899419099
"ENSG00000255201"	32.9589291708975	1.12453999043969	0.217936599028965	5.15994098949039	2.47027692715495e-07	3.40851754508443e-05
"ENSG00000255345"	20.839539638626	-1.25582657026323	0.316061437296421	-3.97336220769459	7.08651607353804e-05	0.00282588645296424
"ENSG00000256268"	20.8643063486934	1.55522913195804	0.385411826604983	4.0352397736669	5.45465650959176e-05	0.0023104489555563
"ENSG00000257588"	66.9748325693396	-1.58610325664084	0.352653425600964	-4.49762611532253	6.87164007233449e-06	0.000480576189739648
"ENSG00000257654"	7.38086784105199	-2.79341496170906	0.592654855688785	-4.71339251656438	2.43626257735978e-06	0.000214773814722111
"ENSG00000257883"	25.7164526596615	-2.66888121640094	0.456374858415116	-5.84800228844626	4.97511710991662e-09	1.16808642430685e-06
"ENSG00000257951"	19.2387160596258	1.00437179232008	0.246266730488538	4.07839008674713	4.53486325192453e-05	0.00201823343449771
"ENSG00000258479"	25.6555664867121	1.09997466667262	0.31399504874399	3.50315927296505	0.000459774455299701	0.00984088413208449
"ENSG00000258484"	85.8059648740537	1.37430684740816	0.223310301870206	6.15424741222617	7.54348440302138e-10	2.47954332327313e-07
"ENSG00000258545"	253.686085444372	-1.45392861423	0.245073902835067	-5.9326129686215	2.98151107237783e-09	7.62239869603795e-07
"ENSG00000258590"	40.2680636300678	1.63108709892261	0.281230066084763	5.79983186588238	6.63814429756224e-09	1.49742217786872e-06
"ENSG00000258647"	16.094423308686	-1.17458642887461	0.261848983323733	-4.48573988703417	7.26613427063278e-06	0.000505095116111751
"ENSG00000258844"	45.4875312232439	-1.19433507371913	0.276937086467325	-4.31265847761438	1.61303183393697e-05	0.000929440311805168
"ENSG00000258927"	11.7005647223988	2.06238228194644	0.452723799694085	4.55549781862592	5.22616580180035e-06	0.00038541297735136
"ENSG00000259120"	85.4030659644178	-1.15023562118032	0.228757192745039	-5.0281943373134	4.95119959728247e-07	6.1914212790148e-05
"ENSG00000259342"	89.2001405828358	-1.38714244750395	0.232421856736309	-5.9682099910152	2.39870531782765e-09	6.27179666567005e-07
"ENSG00000259344"	16.6731924377033	-1.05985936044648	0.261713185308862	-4.04969798978865	5.1283773785806e-05	0.00220194840301996
"ENSG00000259425"	16.7313988682176	-1.24929964941214	0.2638002139491	-4.73577951552834	2.18214723229536e-06	0.000198454646908632
"ENSG00000259457"	10.2976504220151	-2.49432211474646	0.64813696766291	-3.84844907665216	0.000118867999662333	0.00400909888252106
"ENSG00000259480"	31.1116772984362	-1.31625879901349	0.279620161971641	-4.70731005136528	2.5100698543374e-06	0.000217936478401642
"ENSG00000259641"	17.8105449179462	-1.04741902201596	0.244996069777377	-4.27524826405472	1.90924421093506e-05	0.00106367554599043
"ENSG00000260062"	10.027409983643	-1.02286608214627	0.271745650003968	-3.76405687499075	0.000167178834216224	0.00503931099710492
"ENSG00000260197"	42.0232680845077	8.64489410928486	0.285640357827676	30.2649603684513	3.31620112973667e-201	6.35853931617593e-198
"ENSG00000261159"	31.9718962629608	1.08755564512119	0.234908148074548	4.62970592563717	3.66185404592654e-06	0.000290536550836978
"ENSG00000261409"	71.2862403057359	3.34655253741614	0.487357611938865	6.86672877459014	6.56907931557604e-12	3.59876061838307e-09
"ENSG00000261600"	27.8110784130665	-1.01115971273137	0.262235547435571	-3.85592160414408	0.000115294435471112	0.00395867410672394
"ENSG00000261634"	16.2799673947841	-1.02724391885733	0.245054756194495	-4.19189545556923	2.76633475058195e-05	0.00139891420387121
"ENSG00000261760"	11.923971191705	-2.01317196411114	0.467450569609052	-4.30670555347667	1.65703946592525e-05	0.000946074964552705
"ENSG00000261780"	8.51083672058424	3.00189137194511	0.835398109800038	3.59336624865436	0.000326433246449018	0.00786481944245597
"ENSG00000261863"	19.7599603169553	-1.07443505560021	0.298488297008341	-3.59958854792282	0.000318721090051551	0.00776026831851443
"ENSG00000262294"	20.1207952882556	-1.21111747581266	0.262463140579298	-4.61442880375327	3.94177864218797e-06	0.000307566795908792
"ENSG00000262873"	21.0084690226717	-1.02956932708973	0.224007348266444	-4.59614086349128	4.30387792663973e-06	0.000325749760572544
"ENSG00000263718"	13.1665451987709	-1.14454098471524	0.301057135158791	-3.80174010528453	0.0001436834034126	0.00454627645883175
"ENSG00000264175"	23.8235259924681	-1.28333342256695	0.262833876919329	-4.88267889059385	1.04654221125923e-06	0.000111999487157505
"ENSG00000266968"	182.857919635999	-3.08017380828029	0.40236102263459	-7.6552489804103	1.92938067560036e-14	1.30567999896731e-11
"ENSG00000267164"	4.68762763240124	2.87389971051985	0.755091577749825	3.80602803051264	0.000141216385174371	0.00450658502978794
"ENSG00000270641"	17.7600659407472	-5.552802960572	0.301732036990002	-18.4030937382894	1.24074382069711e-75	1.67931026884822e-72
"ENSG00000271631"	26.0026977500258	-1.03505122840633	0.176984720240472	-5.84825191123836	4.96765845605527e-09	1.16808642430685e-06
"ENSG00000271996"	20.145030008188	1.43056301286844	0.393125091429521	3.63895117370016	0.000273750691320893	0.00706135611726729
